id,brand,model,model_name,screen_size,screen_type,resolution,refresh_rate,chipset,cpu_cores,gpu,ram,storage,storage_expandable,rear_camera_main,rear_camera_count,rear_camera_specs,front_camera,video,battery_capacity,charging_wired,charging_wireless,fast_charging,os,network_5g,sim_type,weight,dimensions,water_resistance,fingerprint,nfc,infrared,headphone_jack,launch_date,source,source_url,fetched_at
apple_iphone16promax,Apple,iPhone 16 Pro Max,iPhone 16 Pro Max,6.9英寸,OLED,2868x1320,120Hz,A18 Pro,6核,Apple 6核GPU,8GB,256GB,False,48MP,3,48MP主摄+48MP超广角+12MP长焦,12MP,4K@120fps,4685mAh,45W,25W MagSafe,True,iOS 18,True,Nano-SIM + eSIM,227g,163.0x77.6x8.3mm,IP68,无,True,False,False,2024-09-20,jd.com,,2026-08-05T12:50:42.680710+00:00
apple_iphone16,Apple,iPhone 16,iPhone 16,6.1英寸,OLED,2556x1179,60Hz,A18,6核,Apple 5核GPU,8GB,128GB,False,48MP,2,48MP主摄+12MP超广角,12MP,4K@60fps,3561mAh,45W,25W MagSafe,True,iOS 18,True,Nano-SIM + eSIM,170g,147.6x71.6x7.8mm,IP68,无,True,False,False,2024-09-20,jd.com,,2026-08-05T12:50:42.680710+00:00
samsung_galaxys24ultra,Samsung,Galaxy S24 Ultra,Samsung Galaxy S24 Ultra,6.8英寸,Dynamic AMOLED 2X,3120x1440,120Hz,Snapdragon 8 Gen 3,8核,Adreno 750,12GB,256GB,False,200MP,4,200MP主摄+12MP超广角+10MP长焦+50MP潜望,12MP,8K@30fps,5000mAh,45W,15W,True,Android 14,True,Nano-SIM + eSIM,232g,162.3x79.0x8.6mm,IP68,屏下超声波,True,False,False,2024-01-31,jd.com,,2026-08-05T12:50:42.680710+00:00
xiaomi_14ultra,Xiaomi,14 Ultra,Xiaomi 14 Ultra,6.73英寸,AMOLED,3200x1440,120Hz,Snapdragon 8 Gen 3,8核,Adreno 750,16GB,512GB,False,50MP,4,50MP主摄+50MP超广角+50MP长焦+50MP潜望,32MP,8K@24fps,5300mAh,90W,80W,True,"Android 14, HyperOS",True,Nano-SIM,224g,161.4x75.3x9.2mm,IP68,屏下光学,True,True,False,2024-02-25,jd.com,,2026-08-05T12:50:42.680710+00:00
huawei_mate60pro,Huawei,Mate 60 Pro,Huawei Mate 60 Pro,6.82英寸,OLED,2720x1260,120Hz,Kirin 9000S,8核,Maleoon 910,12GB,512GB,True,50MP,3,50MP主摄+12MP超广角+48MP潜望长焦,13MP,4K@60fps,5000mAh,88W,50W,True,HarmonyOS 4.0,True,Nano-SIM,225g,163.7x79.0x8.1mm,IP68,屏下光学,True,True,False,2023-08-29,jd.com,,2026-08-05T12:50:42.680710+00:00
oppo_findx7ultra,OPPO,Find X7 Ultra,OPPO Find X7 Ultra,6.82英寸,AMOLED,3168x1440,120Hz,Snapdragon 8 Gen 3,8核,Adreno 750,16GB,512GB,False,50MP,4,50MP主摄+50MP超广角+50MP潜望+50MP特写潜望,32MP,4K@60fps,5000mAh,100W,50W,True,"Android 14, ColorOS",True,Nano-SIM,221g,164.3x76.2x9.5mm,IP68,屏下光学,True,True,False,2024-01-08,jd.com,,2026-08-05T12:50:42.680710+00:00
vivo_x100pro,vivo,X100 Pro,vivo X100 Pro,6.78英寸,AMOLED,2800x1260,120Hz,Dimensity 9300,8核,Immortalis-G720,16GB,512GB,False,50MP,3,50MP主摄+50MP超广角+50MP潜望长焦,32MP,8K@30fps,5400mAh,100W,50W,True,"Android 14, OriginOS",True,Nano-SIM,225g,164.1x75.3x9.1mm,IP68,屏下光学,True,True,False,2024-01-15,jd.com,,2026-08-05T12:50:42.680710+00:00
honor_magic6pro,Honor,Magic6 Pro,Honor Magic6 Pro,6.8英寸,OLED,2800x1280,120Hz,Snapdragon 8 Gen 3,8核,Adreno 750,16GB,512GB,False,50MP,3,50MP主摄+50MP超广角+180MP潜望长焦,50MP,4K@60fps,5600mAh,80W,66W,True,"Android 14, MagicOS",True,Nano-SIM,229g,162.5x75.8x8.9mm,IP68,屏下光学,True,True,False,2024-01-11,jd.com,,2026-08-05T12:50:42.680710+00:00
oneplus_12,OnePlus,12,OnePlus 12,6.82英寸,AMOLED,3168x1440,120Hz,Snapdragon 8 Gen 3,8核,Adreno 750,16GB,512GB,False,50MP,3,50MP主摄+48MP超广角+64MP潜望长焦,32MP,8K@24fps,5400mAh,100W,50W,True,"Android 14, OxygenOS/ColorOS",True,Nano-SIM,220g,164.3x75.8x9.2mm,IP65,屏下光学,True,True,False,2024-01-23,jd.com,,2026-08-05T12:50:42.680710+00:00
realme_gt5pro,Realme,GT5 Pro,Realme GT5 Pro,6.78英寸,AMOLED,2780x1264,144Hz,Snapdragon 8 Gen 3,8核,Adreno 750,16GB,512GB,False,50MP,3,50MP主摄+8MP超广角+50MP潜望长焦,32MP,8K@24fps,5400mAh,100W,50W,True,"Android 14, realme UI",True,Nano-SIM,224g,161.7x75.1x9.2mm,IP64,屏下光学,True,True,False,2024-01-10,jd.com,,2026-08-05T12:50:42.680710+00:00
samsung_galaxys25ultra,Samsung,Galaxy S25 Ultra,Samsung Galaxy S25 Ultra,6.9英寸,Dynamic AMOLED 2X,3120x1440,120Hz,Snapdragon 8 Gen 4,8核,Adreno 830,12GB,256GB,False,200MP,4,200MP主摄+50MP超广角+10MP长焦+50MP潜望,12MP,8K@30fps,5000mAh,45W,25W,True,Android 15,True,Nano-SIM + eSIM,219g,162.8x77.6x8.2mm,IP68,屏下超声波,True,False,False,2025-01-22,seed,,2026-08-06T13:26:12.083876+00:00
apple_iphone16pro,Apple,iPhone 16 Pro,iPhone 16 Pro,6.3英寸,OLED,2622x1206,120Hz,A18 Pro,6核,Apple 6核GPU,8GB,128GB,False,48MP,3,48MP主摄+48MP超广角+12MP长焦,12MP,4K@120fps,3582mAh,45W,25W MagSafe,True,iOS 18,True,Nano-SIM + eSIM,199g,149.6x71.5x8.3mm,IP68,无,True,False,False,2024-09-20,seed,,2026-08-06T13:26:12.083926+00:00
google_pixel9pro,Google,Pixel 9 Pro,Google Pixel 9 Pro,6.3英寸,OLED,2856x1280,120Hz,Google Tensor G4,8核,Mali-G715,16GB,128GB,False,50MP,3,50MP主摄+48MP超广角+48MP长焦,42MP,8K@30fps,4700mAh,27W,23W,True,Android 14,True,Nano-SIM + eSIM,199g,152.8x72.0x8.5mm,IP68,屏下光学,True,False,False,2024-10-15,seed,,2026-08-06T13:26:12.083929+00:00
huawei_pura70ultra,Huawei,Pura 70 Ultra,Huawei Pura 70 Ultra,6.8英寸,OLED,2844x1260,120Hz,Kirin 9010,8核,Maleoon 920,16GB,512GB,True,50MP,3,50MP主摄+40MP超广角+50MP潜望长焦,13MP,4K@60fps,5200mAh,100W,80W,True,HarmonyOS 4.2,True,Nano-SIM,226g,162.6x75.1x8.4mm,IP68,屏下光学,True,True,False,2024-04-18,seed,,2026-08-06T13:26:12.083930+00:00
xiaomi_15pro,Xiaomi,15 Pro,Xiaomi 15 Pro,6.73英寸,AMOLED,3200x1440,120Hz,Snapdragon 8 Gen 4,8核,Adreno 830,16GB,512GB,False,50MP,3,50MP主摄+50MP超广角+50MP潜望长焦,32MP,8K@30fps,6100mAh,120W,80W,True,"Android 15, HyperOS 2",True,Nano-SIM,225g,161.3x75.3x8.4mm,IP68,屏下超声波,True,True,False,2024-10-29,seed,,2026-08-06T13:26:12.083932+00:00
oppo_findx8pro,OPPO,Find X8 Pro,OPPO Find X8 Pro,6.78英寸,AMOLED,2780x1264,120Hz,Dimensity 9400,8核,Immortalis-G925,16GB,512GB,False,50MP,4,50MP主摄+50MP超广角+50MP潜望+50MP长焦,32MP,4K@60fps,5910mAh,80W,50W,True,"Android 15, ColorOS 15",True,Nano-SIM,215g,162.3x76.3x8.2mm,IP69,屏下超声波,True,True,False,2024-10-24,seed,,2026-08-06T13:26:12.083933+00:00
vivo_x200pro,vivo,X200 Pro,vivo X200 Pro,6.78英寸,AMOLED,2800x1260,120Hz,Dimensity 9400,8核,Immortalis-G925,16GB,512GB,False,50MP,3,50MP主摄+50MP超广角+200MP潜望长焦,32MP,8K@30fps,6000mAh,90W,30W,True,"Android 15, OriginOS 5",True,Nano-SIM,223g,162.1x76.0x8.5mm,IP69,屏下超声波,True,True,False,2024-10-14,seed,,2026-08-06T13:26:12.083935+00:00
samsung_galaxys25,Samsung,Galaxy S25,Galaxy S25,6.2英寸,Dynamic LTPO AMOLED 2X,2340x1080,120Hz,Snapdragon 8 Elite,8核,Adreno 830,12GB,128GB,False,50MP,3摄,50MP主摄(OIS)+10MP长焦(3x)+12MP超广角,12MP,8K@30fps,4000mAh,25W,15W,True,Android 15,True,Nano-SIM+eSIM,162g,146.9x70.5x7.2mm,IP68,超声波屏下,True,False,False,2025-01,samsung.com,,2026-08-06T13:35:39.869507Z
samsung_galaxyzfold7,Samsung,Galaxy Z Fold 7,Galaxy Z Fold 7,7.8英寸,Foldable Dynamic LTPO AMOLED 2X,2176x1812,120Hz,Snapdragon 8 Elite Gen 2,8核,Adreno 840,12GB,256GB,False,50MP,3摄,50MP主摄(OIS)+10MP长焦(3x)+12MP超广角,10MP,8K@30fps,4400mAh,45W,25W,True,Android 16,True,Nano-SIM+eSIM,239g,155.1x130.1x5.6mm(展开),IP48,侧边,True,False,False,2025-07,samsung.com,,2026-08-06T13:35:39.869507Z
google_pixel10pro,Google,Pixel 10 Pro,Pixel 10 Pro,6.3英寸,LTPO OLED,2856x1280,120Hz,Tensor G5,8核,Mali-G715,16GB,128GB,False,50MP,3摄,50MP主摄(OIS)+48MP潜望长焦(5x)+48MP超广角,42MP,8K@30fps,4870mAh,30W,23W,True,Android 16,True,Nano-SIM+eSIM,207g,152.8x72x8.5mm,IP68,超声波屏下,True,False,False,2025-08,store.google.com,,2026-08-06T13:35:39.869507Z
google_pixel10,Google,Pixel 10,Pixel 10,6.3英寸,OLED,2424x1080,120Hz,Tensor G5,8核,Mali-G715,12GB,128GB,False,50MP,2摄,50MP主摄(OIS)+48MP超广角,10.5MP,4K@60fps,4700mAh,27W,15W,True,Android 16,True,Nano-SIM+eSIM,192g,152.8x72x8.9mm,IP68,屏下光学,True,False,False,2025-08,store.google.com,,2026-08-06T13:35:39.869507Z
google_pixel9a,Google,Pixel 9a,Pixel 9a,6.3英寸,OLED,2424x1080,120Hz,Tensor G4,8核,Mali-G715,8GB,128GB,False,48MP,2摄,48MP主摄(OIS)+13MP超广角,13MP,4K@60fps,5100mAh,23W,7.5W,True,Android 15,True,Nano-SIM+eSIM,193g,154.7x73.2x8.9mm,IP67,屏下光学,True,False,False,2025-03,store.google.com,,2026-08-06T13:35:39.869507Z
apple_iphone15,Apple,iPhone 15,iPhone 15,6.1英寸,Super Retina XDR OLED,2556x1179,60Hz,A16 Bionic,6核,Apple 5核GPU,6GB,128GB,False,48MP,2摄,48MP主摄(位移式OIS)+12MP超广角,12MP,4K@60fps,3349mAh,20W,15W(MagSafe),True,iOS 17,True,Nano-SIM+eSIM,171g,147.6x71.6x7.8mm,IP68,无,True,False,False,2023-09,apple.com,,2026-08-06T13:35:39.869507Z
nothing_phone3,Nothing,Phone (3),Phone (3),6.67英寸,LTPO AMOLED,2800x1260,120Hz,Snapdragon 8s Elite,8核,Adreno 740,12GB,256GB,False,50MP,3摄,50MP主摄(OIS)+50MP长焦(2x)+50MP超广角,32MP,4K@60fps,5000mAh,45W,15W,True,Android 15,True,Nano-SIM,218g,163.5x77.5x9mm,IP65,屏下光学,True,False,False,2025-07,nothing.tech,,2026-08-06T13:35:39.869507Z
nothing_phone3a,Nothing,Phone (3a),Phone (3a),6.7英寸,AMOLED,2412x1080,120Hz,Snapdragon 7s Gen 3,8核,Adreno 730,8GB,128GB,False,50MP,3摄,50MP主摄(OIS)+50MP长焦(2x)+50MP超广角,32MP,4K@30fps,5000mAh,45W,无,True,Android 15,True,Nano-SIM,201g,163.5x77.5x8.2mm,IP54,屏下光学,True,False,False,2025-03,nothing.tech,,2026-08-06T13:35:39.869507Z
motorola_edge2025,Motorola,Edge (2025),Edge (2025),6.7英寸,P-OLED,2712x1220,120Hz,Dimensity 7400 Ultra,8核,Mali-G615 MC2,8GB,256GB,False,50MP,3摄,"50MP主摄(OIS)+10MP长焦(3x,OIS)+50MP超广角",50MP,4K@30fps,5200mAh,68W,15W,True,Android 15,True,Nano-SIM+eSIM,181g,161.2x73.1x8mm,IP68/IP69,屏下光学,True,False,False,2025-05,gsmarena.com,https://www.gsmarena.com/motorola_edge_(2025)-13907.php,2026-08-06T13:35:39.869507Z
samsung_galaxys24,Samsung,Galaxy S24,Galaxy S24,6.2英寸,Dynamic LTPO AMOLED 2X,2340x1080,120Hz,Snapdragon 8 Gen 3,8核,Adreno 750,8GB,128GB,False,50MP,3摄,50MP主摄(OIS)+10MP长焦(3x)+12MP超广角,12MP,8K@30fps,4000mAh,25W,15W,True,Android 14,True,Nano-SIM+eSIM,167g,147x70.6x7.6mm,IP68,超声波屏下,True,False,False,2024-01,samsung.com,,2026-08-06T13:39:15.267164+00:00
samsung_galaxya55,Samsung,Galaxy A55,Galaxy A55,6.6英寸,Super AMOLED,2340x1080,120Hz,Exynos 1480,8核,Xclipse 540,8GB,128GB,True,50MP,3摄,50MP主摄(OIS)+12MP超广角+5MP微距,32MP,4K@30fps,5000mAh,25W,无,True,Android 14,True,Nano-SIM+eSIM,213g,161.1x77.4x8.2mm,IP67,屏下光学,True,False,False,2024-03,samsung.com,,2026-08-06T13:39:15.267164+00:00
samsung_galaxyzflip7,Samsung,Galaxy Z Flip 7,Galaxy Z Flip 7,6.7英寸,Foldable Dynamic LTPO AMOLED 2X,2640x1080,120Hz,Snapdragon 8 Elite Gen 2,8核,Adreno 840,12GB,256GB,False,50MP,2摄,50MP主摄(OIS)+12MP超广角,10MP,4K@60fps,4000mAh,25W,15W,True,Android 16,True,Nano-SIM+eSIM,187g,165.1x71.9x6.9mm(展开),IP48,侧边,True,False,False,2025-07,samsung.com,,2026-08-06T13:39:15.267164+00:00
apple_iphone15promax,Apple,iPhone 15 Pro Max,iPhone 15 Pro Max,6.7英寸,Super Retina XDR OLED,2796x1290,120Hz,A17 Pro,6核,Apple 6核GPU,8GB,256GB,False,48MP,3摄,48MP主摄(位移式OIS)+12MP超广角+12MP长焦(5x),12MP,4K@60fps,4441mAh,27W,15W(MagSafe),True,iOS 17,True,Nano-SIM+eSIM,221g,159.9x76.7x8.3mm,IP68,无,True,False,False,2023-09,apple.com,,2026-08-06T13:39:15.267164+00:00
xiaomi_14,Xiaomi,14,14,6.36英寸,LTPO AMOLED,2670x1200,120Hz,Snapdragon 8 Gen 3,8核,Adreno 750,12GB,256GB,False,50MP,3摄,50MP主摄(OIS)+50MP长焦(3.2x)+50MP超广角,32MP,8K@24fps,4610mAh,90W,50W,True,"Android 14, HyperOS",True,Nano-SIM,193g,152.8x71.5x8.2mm,IP68,屏下光学,True,True,False,2023-10,mi.com,,2026-08-06T13:39:15.267164+00:00
xiaomi_redminote14pro,Xiaomi,Redmi Note 14 Pro,Redmi Note 14 Pro,6.67英寸,AMOLED,2712x1220,120Hz,Snapdragon 7s Gen 3,8核,Adreno 730,8GB,256GB,False,200MP,3摄,200MP主摄(OIS)+8MP超广角+2MP微距,20MP,4K@30fps,5500mAh,67W,无,True,"Android 14, HyperOS",True,Nano-SIM,190g,162.3x74.4x8.2mm,IP68,屏下光学,True,True,True,2024-09,mi.com,,2026-08-06T13:39:15.267164+00:00
xiaomi_pocof7pro,Xiaomi,Poco F7 Pro,Poco F7 Pro,6.67英寸,AMOLED,3200x1440,120Hz,Snapdragon 8 Gen 3,8核,Adreno 750,12GB,256GB,False,50MP,3摄,50MP主摄(OIS)+8MP超广角+2MP微距,20MP,8K@24fps,5000mAh,120W,无,True,"Android 14, HyperOS",True,Nano-SIM,209g,160.9x75x8.2mm,IP64,屏下光学,True,True,False,2024-05,mi.com,,2026-08-06T13:39:15.267164+00:00
oneplus_nord4,OnePlus,Nord 4,Nord 4,6.74英寸,AMOLED,2772x1240,120Hz,Snapdragon 7+ Gen 3,8核,Adreno 732,12GB,256GB,False,50MP,2摄,50MP主摄(OIS)+8MP超广角,16MP,4K@60fps,5500mAh,100W,无,True,"Android 14, OxygenOS 14",True,Nano-SIM,196g,162.6x75x8.6mm,IP65,屏下光学,True,True,False,2024-07,oneplus.com,,2026-08-06T13:39:15.267164+00:00
oppo_reno12,OPPO,Reno 12,Reno 12,6.7英寸,AMOLED,2412x1080,120Hz,Dimensity 7300,8核,Mali-G615 MC2,12GB,256GB,True,50MP,3摄,50MP主摄(OIS)+8MP超广角+50MP长焦(2x),50MP,4K@30fps,5000mAh,80W,无,True,"Android 14, ColorOS 14",True,Nano-SIM,177g,161.4x74.1x7.6mm,IP65,屏下光学,True,True,False,2024-05,oppo.com,,2026-08-06T13:39:15.267164+00:00
vivo_v40,vivo,V40,V40,6.78英寸,AMOLED,2800x1260,120Hz,Snapdragon 7 Gen 3,8核,Adreno 720,8GB,256GB,False,50MP,2摄,50MP主摄(OIS)+50MP超广角,50MP,4K@30fps,5500mAh,80W,无,True,"Android 14, Funtouch OS 14",True,Nano-SIM,190g,164.2x75x7.6mm,IP68,屏下光学,True,False,False,2024-06,vivo.com,,2026-08-06T13:39:15.267164+00:00
honor_magicv3,Honor,Magic V3,Magic V3,7.92英寸,Foldable LTPO OLED,2344x2156,120Hz,Snapdragon 8 Gen 3,8核,Adreno 750,12GB,256GB,False,50MP,3摄,50MP主摄(OIS)+50MP潜望长焦(3.5x)+40MP超广角,20MP,4K@60fps,5150mAh,66W,50W,True,"Android 14, MagicOS 8",True,Nano-SIM,226g,156.6x145.3x4.35mm(展开),IPX8,侧边,True,True,False,2024-07,honor.com,,2026-08-06T13:39:15.267164+00:00
realme_gt7pro,Realme,GT 7 Pro,GT 7 Pro,6.78英寸,LTPO AMOLED,2780x1264,120Hz,Snapdragon 8 Gen 4,8核,Adreno 840,16GB,512GB,False,50MP,3摄,50MP主摄(OIS)+50MP潜望长焦(3x)+8MP超广角,32MP,8K@30fps,6500mAh,120W,无,True,"Android 15, Realme UI 6",True,Nano-SIM,222g,162.4x76.9x8.6mm,IP69,超声波屏下,True,True,False,2024-11,realme.com,,2026-08-06T13:39:15.267164+00:00
sony_xperia1vi,Sony,Xperia 1 VI,Xperia 1 VI,6.5英寸,LTPO OLED,2340x1080,120Hz,Snapdragon 8 Gen 3,8核,Adreno 750,12GB,256GB,True,48MP,3摄,48MP主摄(OIS)+12MP长焦(3.5x-7.1x连续变焦)+12MP超广角,12MP,4K@120fps,5000mAh,30W,15W,True,Android 14,True,Nano-SIM+eSIM,192g,162x74x8.2mm,IP68,侧边,True,False,True,2024-06,sony.com,,2026-08-06T13:39:15.267164+00:00
asus_rogphone9,ASUS,ROG Phone 9,ROG Phone 9,6.78英寸,LTPO AMOLED,2400x1080,165Hz,Snapdragon 8 Elite,8核,Adreno 830,16GB,512GB,False,50MP,3摄,50MP主摄(OIS)+13MP超广角+5MP微距,32MP,8K@30fps,5800mAh,65W,15W,True,Android 15,True,Nano-SIM,227g,173.8x76.8x8.9mm,IP68,屏下光学,True,False,True,2024-11,asus.com,,2026-08-06T13:39:15.267164+00:00
motorola_razr50ultra,Motorola,Razr 50 Ultra,Razr 50 Ultra,6.9英寸,Foldable LTPO AMOLED,2640x1080,165Hz,Snapdragon 8 Gen 3,8核,Adreno 750,12GB,512GB,False,50MP,2摄,50MP主摄(OIS)+50MP远摄(2x),32MP,4K@60fps,4000mAh,45W,15W,True,Android 14,True,Nano-SIM+eSIM,189g,171.4x74x7.1mm(展开),IPX8,侧边,True,False,False,2024-06,motorola.com,,2026-08-06T13:39:15.267164+00:00
tcl_p80pro,TCL,P80 Pro,P80 Pro,6.67英寸,AMOLED,2400x1080,120Hz,Dimensity 7300,8核,Mali-G615 MC2,8GB,256GB,True,108MP,3摄,108MP主摄+8MP超广角+2MP微距,32MP,1080p@30fps,5010mAh,33W,无,True,Android 14,True,Nano-SIM,196g,164.5x75.5x7.9mm,IP52,侧边,True,False,True,2025-01,gsmarena.com,,2026-08-06T13:39:15.267164+00:00
infinix_zero40,Infinix,Zero 40 5G,Zero 40 5G,6.78英寸,AMOLED,2436x1080,144Hz,Dimensity 8200,8核,Mali-G610 MC6,12GB,256GB,False,108MP,3摄,108MP主摄(OIS)+50MP超广角+2MP景深,50MP,4K@60fps,5000mAh,45W,20W,True,"Android 14, XOS 14",True,Nano-SIM,197g,164.3x74.6x7.9mm,IP54,屏下光学,True,False,False,2024-05,infinixmobility.com,,2026-08-06T13:39:15.267164+00:00
tecno_phantomx3,Tecno,Phantom X3,Phantom X3,6.8英寸,AMOLED,2436x1080,120Hz,Dimensity 8200,8核,Mali-G610 MC6,12GB,256GB,False,50MP,3摄,50MP主摄(OIS)+50MP长焦(2x)+50MP超广角,32MP,4K@30fps,5000mAh,68W,无,True,"Android 14, HiOS 14",True,Nano-SIM,195g,164x74x8mm,IP54,屏下光学,True,False,False,2024-09,tecno-mobile.com,,2026-08-06T13:39:15.267164+00:00
meizu_22,Meizu,22,22,6.55英寸,AMOLED,2340x1080,120Hz,Snapdragon 8 Gen 3,8核,Adreno 750,12GB,256GB,False,50MP,3摄,50MP主摄(OIS)+13MP超广角+5MP景深,32MP,4K@60fps,4800mAh,80W,50W,True,"Android 14, Flyme 10",True,Nano-SIM,189g,157.2x72.6x7.8mm,IP54,超声波屏下,True,False,False,2024-07,meizu.com,,2026-08-06T13:39:15.267164+00:00
samsung_galaxys23,Samsung,Galaxy S23,Galaxy S23,6.1英寸,Dynamic AMOLED 2X,2340x1080,120Hz,Snapdragon 8 Gen 2,8核,Adreno 740,8GB,128GB,False,50MP,3摄,50MP主摄(OIS)+10MP长焦(3x)+12MP超广角,12MP,8K@30fps,3900mAh,25W,15W,True,Android 13,True,Nano-SIM+eSIM,168g,146.3x70.9x7.6mm,IP68,超声波屏下,True,False,False,2023-02,samsung.com,,2026-08-06T13:41:56.388179+00:00
samsung_galaxys23ultra,Samsung,Galaxy S23 Ultra,Galaxy S23 Ultra,6.8英寸,Dynamic AMOLED 2X,3088x1440,120Hz,Snapdragon 8 Gen 2,8核,Adreno 740,12GB,256GB,False,200MP,4摄,200MP主摄(OIS)+10MP长焦(3x)+10MP潜望长焦(10x)+12MP超广角,12MP,8K@30fps,5000mAh,45W,25W,True,Android 13,True,Nano-SIM+eSIM,234g,163.4x78.1x8.9mm,IP68,超声波屏下,True,False,False,2023-02,samsung.com,,2026-08-06T13:41:56.388179+00:00
samsung_galaxya35,Samsung,Galaxy A35,Galaxy A35,6.6英寸,Super AMOLED,2340x1080,120Hz,Exynos 1380,8核,Mali-G68 MP5,6GB,128GB,True,50MP,3摄,50MP主摄(OIS)+8MP超广角+5MP微距,13MP,4K@30fps,5000mAh,25W,无,True,Android 14,True,Nano-SIM+eSIM,209g,161.7x78x8.2mm,IP67,屏下光学,True,False,False,2024-03,samsung.com,,2026-08-06T13:41:56.388179+00:00
samsung_galaxya25,Samsung,Galaxy A25,Galaxy A25,6.5英寸,Super AMOLED,2340x1080,120Hz,Exynos 1280,8核,Mali-G68,6GB,128GB,True,50MP,3摄,50MP主摄(OIS)+8MP超广角+2MP微距,13MP,4K@30fps,5000mAh,25W,无,True,Android 14,True,Nano-SIM,197g,161x76.5x8.3mm,IP54,侧边,True,False,True,2024-01,samsung.com,,2026-08-06T13:41:56.388179+00:00
samsung_galaxym55,Samsung,Galaxy M55,Galaxy M55,6.7英寸,Super AMOLED+,2400x1080,120Hz,Snapdragon 7 Gen 1,8核,Adreno 644,8GB,128GB,True,50MP,3摄,50MP主摄(OIS)+8MP超广角+2MP微距,50MP,4K@30fps,5000mAh,45W,无,True,Android 14,True,Nano-SIM,180g,163.9x76.5x7.8mm,IP52,屏下光学,True,False,False,2024-04,samsung.com,,2026-08-06T13:41:56.388179+00:00
apple_iphone14,Apple,iPhone 14,iPhone 14,6.1英寸,Super Retina XDR OLED,2532x1170,60Hz,A15 Bionic,6核,Apple 5核GPU,6GB,128GB,False,12MP,2摄,12MP主摄(位移式OIS)+12MP超广角,12MP,4K@60fps,3279mAh,20W,15W(MagSafe),True,iOS 16,True,Nano-SIM+eSIM,172g,146.7x71.5x7.8mm,IP68,无,True,False,False,2022-09,apple.com,,2026-08-06T13:41:56.388179+00:00
apple_iphone14pro,Apple,iPhone 14 Pro,iPhone 14 Pro,6.1英寸,Super Retina XDR OLED,2556x1179,120Hz,A16 Bionic,6核,Apple 5核GPU,6GB,128GB,False,48MP,3摄,48MP主摄(位移式OIS)+12MP长焦(3x)+12MP超广角,12MP,4K@60fps,3200mAh,20W,15W(MagSafe),True,iOS 16,True,Nano-SIM+eSIM,206g,147.5x71.5x7.9mm,IP68,无,True,False,False,2022-09,apple.com,,2026-08-06T13:41:56.388179+00:00
apple_iphonese4,Apple,iPhone SE 4,iPhone SE 4,6.1英寸,Super Retina XDR OLED,2532x1170,60Hz,A18,6核,Apple 4核GPU,8GB,128GB,False,48MP,1摄,48MP主摄(OIS),12MP,4K@60fps,3279mAh,20W,15W(MagSafe),True,iOS 18,True,Nano-SIM+eSIM,172g,146.7x71.5x7.8mm,IP68,触控ID(电源键),True,False,False,2025-03,apple.com,,2026-08-06T13:41:56.388179+00:00
google_pixel8pro,Google,Pixel 8 Pro,Pixel 8 Pro,6.7英寸,LTPO OLED,2992x1344,120Hz,Tensor G3,9核,Immortalis-G715s MC10,12GB,128GB,False,50MP,3摄,50MP主摄(OIS)+48MP长焦(5x)+48MP超广角,10.5MP,4K@60fps,5050mAh,30W,23W,True,Android 14,True,Nano-SIM+eSIM,213g,162.6x76.5x8.8mm,IP68,屏下光学,True,False,False,2023-10,store.google.com,,2026-08-06T13:41:56.388179+00:00
google_pixel8a,Google,Pixel 8a,Pixel 8a,6.1英寸,OLED,2400x1080,120Hz,Tensor G3,9核,Immortalis-G715s MC10,8GB,128GB,False,64MP,2摄,64MP主摄(OIS)+13MP超广角,13MP,4K@60fps,4492mAh,18W,7.5W,True,Android 14,True,Nano-SIM+eSIM,188g,152.1x72.7x8.9mm,IP67,屏下光学,True,False,False,2024-05,store.google.com,,2026-08-06T13:41:56.388179+00:00
xiaomi_13tpro,Xiaomi,13T Pro,13T Pro,6.67英寸,AMOLED,2712x1220,144Hz,Dimensity 9200+,8核,Immortalis-G715 MC11,12GB,512GB,False,50MP,3摄,50MP主摄(OIS)+50MP长焦(2x)+12MP超广角,20MP,8K@24fps,5000mAh,120W,无,True,"Android 13, MIUI 14",True,Nano-SIM+eSIM,200g,162.2x75.7x8.5mm,IP68,屏下光学,True,True,False,2023-09,mi.com,,2026-08-06T13:41:56.388179+00:00
xiaomi_redminote13proplus,Xiaomi,Redmi Note 13 Pro+,Redmi Note 13 Pro+,6.67英寸,AMOLED,2712x1220,120Hz,Dimensity 7200 Ultra,8核,Mali-G610 MC4,12GB,256GB,False,200MP,3摄,200MP主摄(OIS)+8MP超广角+2MP微距,16MP,4K@30fps,5000mAh,120W,无,True,"Android 13, MIUI 14",True,Nano-SIM,204g,161.4x74.2x8.9mm,IP68,屏下光学,True,True,False,2023-09,mi.com,,2026-08-06T13:41:56.388179+00:00
xiaomi_pocox7pro,Xiaomi,Poco X7 Pro,Poco X7 Pro,6.67英寸,AMOLED,2712x1220,120Hz,Dimensity 8400,8核,Immortalis-G720 MC7,12GB,256GB,False,50MP,2摄,50MP主摄(OIS)+8MP超广角,20MP,4K@60fps,6000mAh,90W,无,True,"Android 15, HyperOS 2",True,Nano-SIM,203g,160.8x75.2x8.3mm,IP68,屏下光学,True,True,False,2025-01,mi.com,,2026-08-06T13:41:56.388179+00:00
xiaomi_mixfold4,Xiaomi,MIX Fold 4,MIX Fold 4,7.98英寸,Foldable LTPO AMOLED,2488x2244,120Hz,Snapdragon 8 Gen 3,8核,Adreno 750,16GB,512GB,False,50MP,4摄,50MP主摄(OIS)+10MP长焦(3.2x)+10MP潜望长焦(5x)+12MP超广角,20MP,8K@24fps,5100mAh,67W,50W,True,"Android 14, HyperOS",True,Nano-SIM,219g,159.4x143.3x4.7mm(展开),无防水,侧边,True,True,False,2024-07,mi.com,,2026-08-06T13:41:56.388179+00:00
oneplus_ace3pro,OnePlus,Ace 3 Pro,Ace 3 Pro,6.78英寸,AMOLED,2780x1264,120Hz,Snapdragon 8 Gen 3,8核,Adreno 750,16GB,256GB,False,50MP,3摄,50MP主摄(OIS)+8MP超广角+2MP微距,16MP,4K@60fps,6100mAh,100W,无,True,"Android 14, ColorOS 14",True,Nano-SIM,220g,163.3x75.3x8.8mm,IP65,屏下光学,True,True,False,2024-06,oneplus.com,,2026-08-06T13:41:56.388179+00:00
oneplus_open,OnePlus,Open,Open,7.82英寸,Foldable LTPO3 AMOLED,2440x2268,120Hz,Snapdragon 8 Gen 2,8核,Adreno 740,16GB,512GB,False,48MP,3摄,"48MP主摄(OIS)+64MP长焦(3x,OIS)+48MP超广角",20MP,4K@60fps,4805mAh,67W,无,True,"Android 13, OxygenOS 13",True,Nano-SIM,239g,153.4x143.1x5.8mm(展开),IPX4,侧边,True,True,False,2023-10,oneplus.com,,2026-08-06T13:41:56.388179+00:00
huawei_nova13pro,Huawei,Nova 13 Pro,Nova 13 Pro,6.76英寸,OLED,2776x1224,120Hz,Kirin 9000SL,8核,Maleoon,12GB,256GB,False,50MP,3摄,50MP主摄(OIS)+12MP长焦(3x)+8MP超广角(微距),60MP,4K@30fps,4600mAh,100W,无,True,HarmonyOS 4.0,True,Nano-SIM,199g,163.3x74.7x7.8mm,IP53,屏下光学,True,True,False,2024-10,huawei.com,,2026-08-06T13:41:56.388179+00:00
motorola_edge50pro,Motorola,Edge 50 Pro,Edge 50 Pro,6.7英寸,P-OLED,2712x1220,144Hz,Snapdragon 7 Gen 3,8核,Adreno 720,12GB,256GB,False,50MP,3摄,50MP主摄(OIS)+10MP长焦(3x)+13MP超广角,50MP,4K@30fps,4500mAh,125W,50W,True,Android 14,True,Nano-SIM+eSIM,186g,161.2x72.4x8.2mm,IP68,屏下光学,True,False,False,2024-04,motorola.com,,2026-08-06T13:41:56.388179+00:00
realme_12proplus,Realme,12 Pro+,12 Pro+,6.7英寸,AMOLED,2412x1080,120Hz,Snapdragon 7s Gen 2,8核,Adreno 710,8GB,256GB,False,50MP,3摄,50MP主摄(OIS)+50MP潜望长焦(3x)+8MP超广角,32MP,4K@30fps,5000mAh,67W,无,True,"Android 14, Realme UI 5",True,Nano-SIM,196g,161.5x74x8.8mm,IP65,屏下光学,True,False,False,2024-01,realme.com,,2026-08-06T13:41:56.388179+00:00
sony_xperia5vi,Sony,Xperia 5 VI,Xperia 5 VI,6.1英寸,OLED,2520x1080,120Hz,Snapdragon 8 Gen 3,8核,Adreno 750,8GB,128GB,True,48MP,2摄,48MP主摄(OIS)+12MP超广角,12MP,4K@120fps,4500mAh,30W,15W,True,Android 14,True,Nano-SIM+eSIM,168g,154x68x8.2mm,IP68,侧边,True,False,True,2024-09,sony.com,,2026-08-06T13:41:56.388179+00:00
lenovo_legiony90,Lenovo,Legion Y90,Legion Y90,6.92英寸,AMOLED,2460x1080,144Hz,Snapdragon 8 Gen 1,8核,Adreno 730,18GB,512GB,False,64MP,2摄,64MP主摄+13MP超广角,16MP,4K@60fps,5600mAh,68W,无,True,Android 12,True,Nano-SIM,252g,176x78.5x10.1mm,无防水,屏下光学,True,False,True,2022-05,lenovo.com,,2026-08-06T13:41:56.388179+00:00
zte_axon50ultra,ZTE,Axon 50 Ultra,Axon 50 Ultra,6.67英寸,AMOLED,2400x1080,144Hz,Snapdragon 8+ Gen 1,8核,Adreno 730,12GB,256GB,False,64MP,3摄,64MP主摄(OIS)+50MP长焦(3x)+50MP超广角,32MP,4K@60fps,5000mAh,80W,无,True,Android 13,True,Nano-SIM,199g,161.5x73x8.5mm,IP54,屏下光学,True,False,False,2023-04,zte.com.cn,,2026-08-06T13:41:56.388179+00:00
nokia_x30,Nokia,X30 5G,X30 5G,6.43英寸,AMOLED,2400x1080,90Hz,Snapdragon 695,8核,Adreno 619,8GB,256GB,False,50MP,2摄,50MP主摄(OIS)+13MP超广角,16MP,1080p@60fps,4200mAh,33W,无,True,Android 12,True,Nano-SIM,185g,158.9x73.9x8mm,IP67,屏下光学,True,False,False,2022-09,nokia.com,,2026-08-06T13:41:56.388179+00:00
fairphone_5,Fairphone,Fairphone 5,Fairphone 5,6.46英寸,OLED,2700x1224,90Hz,Snapdragon QCM6490,8核,Adreno 643L,8GB,256GB,True,50MP,2摄,50MP主摄(OIS)+50MP超广角,50MP,4K@30fps,4200mAh,20W,无,False,Android 13,True,Nano-SIM+eSIM,212g,161.6x75.8x9.6mm,IP55,侧边,True,False,False,2023-08,fairphone.com,,2026-08-06T13:41:56.388179+00:00
unihertz_tank3,Unihertz,Tank 3,Tank 3,6.79英寸,IPS LCD,2460x1080,120Hz,Dimensity 8200,8核,Mali-G610 MC6,16GB,512GB,False,200MP,3摄,200MP主摄+50MP超广角+64MP夜视,32MP,4K@30fps,23800mAh,120W,无,True,Android 13,True,Nano-SIM,671g,179x86x31mm,IP69K,侧边,False,False,True,2024-04,unihertz.com,,2026-08-06T13:41:56.388179+00:00
cat_s75,Cat,S75,S75,6.6英寸,IPS LCD,2408x1080,120Hz,Dimensity 930,8核,IMG BXM-8-256,6GB,128GB,True,50MP,3摄,50MP主摄+8MP超广角+2MP微距,8MP,1080p@30fps,5000mAh,15W,无,False,Android 12,True,Nano-SIM+eSIM,268g,171x80x11.9mm,IP69/IP68,后置,True,False,True,2023-02,catphones.com,,2026-08-06T13:41:56.388179+00:00
tecno_camon30premier,Tecno,Camon 30 Premier,Camon 30 Premier,6.77英寸,LTPO AMOLED,2780x1264,120Hz,Dimensity 8200 Ultimate,8核,Mali-G610 MC6,12GB,512GB,False,50MP,3摄,50MP主摄(OIS)+50MP长焦(3x)+50MP超广角,50MP,4K@60fps,5000mAh,70W,无,True,"Android 14, HiOS 14",True,Nano-SIM,198g,162.7x76.2x7.9mm,IP54,屏下光学,True,False,False,2024-02,tecno-mobile.com,,2026-08-06T13:41:56.388179+00:00
infinix_gt20pro,Infinix,GT 20 Pro,GT 20 Pro,6.78英寸,AMOLED,2436x1080,144Hz,Dimensity 8200 Ultimate,8核,Mali-G610 MC6,12GB,256GB,False,108MP,3摄,108MP主摄(OIS)+2MP微距+2MP景深,32MP,4K@60fps,5000mAh,100W,无,True,"Android 14, XOS 14",True,Nano-SIM,198g,164.3x74.5x8.2mm,IP54,屏下光学,True,False,True,2024-04,infinixmobility.com,,2026-08-06T13:41:56.388179+00:00
cmf_phone1,Nothing,CMF Phone 1,CMF Phone 1,6.67英寸,AMOLED,2400x1080,120Hz,Dimensity 7300,8核,Mali-G615 MC2,8GB,128GB,True,50MP,2摄,50MP主摄+2MP景深,16MP,4K@30fps,5000mAh,33W,无,True,"Android 14, Nothing OS 2.6",True,Nano-SIM,202g,164x77x8.2mm,IP52,屏下光学,False,False,False,2024-07,nothing.tech,,2026-08-06T13:41:56.388179+00:00
xiaomi_pocom7pro,Xiaomi,Poco M7 Pro,Poco M7 Pro,6.67英寸,AMOLED,2400x1080,120Hz,Dimensity 7025 Ultra,8核,IMG BXM-8-256,8GB,256GB,True,50MP,2摄,50MP主摄+2MP景深,20MP,1080p@30fps,5110mAh,45W,无,True,"Android 14, HyperOS",True,Nano-SIM,191g,162.3x74.3x8.2mm,IP64,屏下光学,True,True,True,2025-01,mi.com,,2026-08-06T13:41:56.388179+00:00
samsung_galaxyzflip6,Samsung,Galaxy Z Flip 6,Galaxy Z Flip 6,6.7英寸,Foldable Dynamic LTPO AMOLED 2X,2640x1080,120Hz,Snapdragon 8 Gen 3,8核,Adreno 750,12GB,256GB,False,50MP,2摄,50MP主摄(OIS)+12MP超广角,10MP,4K@60fps,4000mAh,25W,15W,True,Android 14,True,Nano-SIM+eSIM,187g,165.1x71.9x6.9mm(展开),IP48,侧边,True,False,False,2024-07,samsung.com,,2026-08-06T13:43:38.297215+00:00
samsung_galaxys24plus,Samsung,Galaxy S24+,Galaxy S24+,6.7英寸,Dynamic LTPO AMOLED 2X,3088x1440,120Hz,Snapdragon 8 Gen 3,8核,Adreno 750,12GB,256GB,False,50MP,3摄,50MP主摄(OIS)+10MP长焦(3x)+12MP超广角,12MP,8K@30fps,4900mAh,45W,15W,True,Android 14,True,Nano-SIM+eSIM,196g,158.5x75.9x7.7mm,IP68,超声波屏下,True,False,False,2024-01,samsung.com,,2026-08-06T13:43:38.297215+00:00
apple_iphone15pro,Apple,iPhone 15 Pro,iPhone 15 Pro,6.1英寸,Super Retina XDR OLED,2556x1179,120Hz,A17 Pro,6核,Apple 6核GPU,8GB,128GB,False,48MP,3摄,48MP主摄(位移式OIS)+12MP超广角+12MP长焦(3x),12MP,4K@60fps,3274mAh,27W,15W(MagSafe),True,iOS 17,True,Nano-SIM+eSIM,187g,146.6x70.6x8.3mm,IP68,无,True,False,False,2023-09,apple.com,,2026-08-06T13:43:38.297215+00:00
google_pixel9profold,Google,Pixel 9 Pro Fold,Pixel 9 Pro Fold,8.0英寸,Foldable LTPO OLED,2076x2152,120Hz,Tensor G4,8核,Mali-G715,16GB,256GB,False,48MP,3摄,48MP主摄(OIS)+10.5MP长焦(5x)+12MP超广角,10MP,4K@60fps,4650mAh,21W,7.5W,True,Android 14,True,Nano-SIM+eSIM,257g,155.2x150.2x5.1mm(展开),IPX8,侧边,True,False,False,2024-08,store.google.com,,2026-08-06T13:43:38.297215+00:00
xiaomi_14pro,Xiaomi,14 Pro,14 Pro,6.73英寸,LTPO AMOLED,3200x1440,120Hz,Snapdragon 8 Gen 3,8核,Adreno 750,12GB,256GB,False,50MP,3摄,"50MP主摄(可变光圈,OIS)+50MP长焦(3.2x)+50MP超广角",32MP,8K@24fps,4880mAh,120W,50W,True,"Android 14, HyperOS",True,Nano-SIM,223g,161.4x75.3x8.5mm,IP68,屏下光学,True,True,False,2023-10,mi.com,,2026-08-06T13:43:38.297215+00:00
vivo_iqoo12,vivo,iQOO 12,iQOO 12,6.78英寸,LTPO AMOLED,2800x1260,144Hz,Snapdragon 8 Gen 3,8核,Adreno 750,12GB,256GB,False,50MP,3摄,50MP主摄(OIS)+50MP超广角+64MP潜望长焦(3x),16MP,8K@30fps,5000mAh,120W,无,True,"Android 14, OriginOS 4",True,Nano-SIM,203g,163.2x75.9x8.1mm,IP64,屏下光学,True,True,False,2023-11,vivo.com,,2026-08-06T13:43:38.297215+00:00
vivo_iqooneo10,vivo,iQOO Neo 10,iQOO Neo 10,6.78英寸,LTPO AMOLED,2800x1260,144Hz,Snapdragon 8 Gen 3,8核,Adreno 750,12GB,256GB,False,50MP,2摄,50MP主摄(OIS)+8MP超广角,16MP,4K@60fps,6100mAh,120W,无,True,"Android 14, OriginOS 4",True,Nano-SIM,204g,162.9x75.4x8.1mm,IP64,屏下光学,True,True,False,2024-10,vivo.com,,2026-08-06T13:43:38.297215+00:00
oppo_reno13,OPPO,Reno 13,Reno 13,6.67英寸,AMOLED,2712x1220,120Hz,Dimensity 8300,8核,Mali-G615 MC6,12GB,256GB,False,50MP,2摄,50MP主摄(OIS)+8MP超广角,50MP,4K@30fps,5600mAh,80W,无,True,"Android 14, ColorOS 14",True,Nano-SIM,184g,161.5x74.8x7.6mm,IP65,屏下光学,True,True,False,2024-11,oppo.com,,2026-08-06T13:43:38.297215+00:00
huawei_p60pro,Huawei,P60 Pro,P60 Pro,6.67英寸,LTPO OLED,2700x1220,120Hz,Snapdragon 8+ Gen 1,8核,Adreno 730,8GB,256GB,True,48MP,3摄,"48MP主摄(OIS)+48MP长焦(3.5x,微距)+13MP超广角",13MP,4K@60fps,4815mAh,88W,50W,True,HarmonyOS 3.1,False,Nano-SIM,200g,161x74.5x8.3mm,IP68,屏下光学,True,True,False,2023-03,huawei.com,,2026-08-06T13:43:38.297215+00:00
oneplus_12r,OnePlus,12R,12R,6.78英寸,LTPO4 AMOLED,2780x1264,120Hz,Snapdragon 8 Gen 2,8核,Adreno 740,8GB,128GB,False,50MP,3摄,50MP主摄(OIS)+8MP超广角+2MP微距,16MP,4K@60fps,5500mAh,100W,无,True,"Android 14, OxygenOS 14",True,Nano-SIM,207g,163.3x75.3x8.8mm,IP65,屏下光学,True,True,False,2024-02,oneplus.com,,2026-08-06T13:43:38.297215+00:00
motorola_g85,Motorola,G85 5G,G85 5G,6.67英寸,P-OLED,2400x1080,120Hz,Snapdragon 6s Gen 3,8核,Adreno 619,12GB,256GB,True,50MP,2摄,50MP主摄(OIS)+8MP超广角(微距),32MP,1080p@30fps,5000mAh,30W,无,True,Android 14,True,Nano-SIM+eSIM,173g,161.9x73.1x7.6mm,IP54,屏下光学,True,False,True,2024-07,motorola.com,,2026-08-06T13:43:38.297215+00:00
realme_c75,Realme,C75,C75,6.67英寸,IPS LCD,1604x720,90Hz,Helio G85,8核,Mali-G52 MC2,6GB,128GB,True,50MP,2摄,50MP主摄+2MP景深,8MP,1080p@30fps,6000mAh,15W,无,False,"Android 14, Realme UI 5",False,Nano-SIM,189g,165.6x76.1x8.1mm,IP54,侧边,False,False,True,2024-08,realme.com,,2026-08-06T13:43:38.297215+00:00
nothing_phone2,Nothing,Phone (2),Phone (2),6.7英寸,LTPO OLED,2412x1080,120Hz,Snapdragon 8+ Gen 1,8核,Adreno 730,12GB,256GB,False,50MP,2摄,50MP主摄(OIS)+50MP超广角,32MP,4K@60fps,4700mAh,45W,15W,True,"Android 13, Nothing OS 2.5",True,Nano-SIM,201g,162.1x76.4x8.6mm,IP54,屏下光学,True,False,False,2023-07,nothing.tech,,2026-08-06T13:43:38.297215+00:00
asus_zenfone11ultra,ASUS,Zenfone 11 Ultra,Zenfone 11 Ultra,6.78英寸,LTPO AMOLED,2400x1080,144Hz,Snapdragon 8 Gen 3,8核,Adreno 750,12GB,256GB,False,50MP,3摄,50MP主摄(云台OIS)+32MP长焦(3x)+13MP超广角,32MP,8K@24fps,5500mAh,65W,15W,True,Android 14,True,Nano-SIM,224g,163.8x76.8x8.9mm,IP68,屏下光学,True,False,True,2024-03,asus.com,,2026-08-06T13:43:38.297215+00:00
xiaomi_redminote13,Xiaomi,Redmi Note 13,Redmi Note 13,6.67英寸,AMOLED,2400x1080,120Hz,Dimensity 6080,8核,Mali-G57 MC2,6GB,128GB,True,108MP,3摄,108MP主摄+8MP超广角+2MP微距,16MP,1080p@30fps,5000mAh,33W,无,True,"Android 13, MIUI 14",True,Nano-SIM,174g,161.1x75x7.6mm,IP54,屏下光学,True,True,True,2023-09,mi.com,,2026-08-06T13:43:38.297215+00:00
samsung_galaxya15,Samsung,Galaxy A15,Galaxy A15,6.5英寸,Super AMOLED,2340x1080,90Hz,Helio G99,8核,Mali-G57 MC2,4GB,128GB,True,50MP,3摄,50MP主摄+5MP超广角+2MP微距,13MP,1080p@30fps,5000mAh,25W,无,True,Android 14,True,Nano-SIM,200g,160.1x76.8x8.4mm,无防水,侧边,True,False,True,2024-01,samsung.com,,2026-08-06T14:00:45.987585+00:00
samsung_galaxys24fe,Samsung,Galaxy S24 FE,Galaxy S24 FE,6.7英寸,Dynamic AMOLED 2X,2400x1080,120Hz,Exynos 2400e,10核,AMD Xclipse 940,8GB,128GB,False,50MP,3摄,50MP主摄(OIS)+8MP长焦(3x)+12MP超广角,10MP,8K@30fps,4700mAh,25W,15W,True,Android 14,True,Nano-SIM+eSIM,213g,162x77.3x8mm,IP68,屏下光学,True,False,False,2024-10,samsung.com,,2026-08-06T14:00:45.987585+00:00
apple_iphone14plus,Apple,iPhone 14 Plus,iPhone 14 Plus,6.7英寸,Super Retina XDR OLED,2778x1284,60Hz,A15 Bionic,6核,Apple 5核GPU,6GB,128GB,False,12MP,2摄,12MP主摄(位移式OIS)+12MP超广角,12MP,4K@60fps,4323mAh,20W,15W(MagSafe),True,iOS 16,True,Nano-SIM+eSIM,203g,160.8x78.1x7.8mm,IP68,无,True,False,False,2022-10,apple.com,,2026-08-06T14:00:45.987585+00:00
apple_iphone13,Apple,iPhone 13,iPhone 13,6.1英寸,Super Retina XDR OLED,2532x1170,60Hz,A15 Bionic,6核,Apple 4核GPU,4GB,128GB,False,12MP,2摄,12MP主摄(位移式OIS)+12MP超广角,12MP,4K@60fps,3240mAh,20W,15W(MagSafe),True,iOS 15,True,Nano-SIM+eSIM,174g,146.7x71.5x7.7mm,IP68,无,True,False,False,2021-09,apple.com,,2026-08-06T14:00:45.987585+00:00
xiaomi_pocof6,Xiaomi,Poco F6,Poco F6,6.67英寸,AMOLED,2712x1220,120Hz,Snapdragon 8s Gen 3,8核,Adreno 735,8GB,256GB,False,50MP,2摄,50MP主摄(OIS)+8MP超广角,20MP,4K@60fps,5000mAh,90W,无,True,"Android 14, HyperOS",True,Nano-SIM,179g,160.5x74.5x8mm,IP64,屏下光学,True,True,False,2024-05,mi.com,,2026-08-06T14:00:45.987585+00:00
xiaomi_civi5pro,Xiaomi,Civi 5 Pro,Civi 5 Pro,6.55英寸,AMOLED,2750x1236,120Hz,Snapdragon 8s Gen 3,8核,Adreno 735,12GB,256GB,False,50MP,3摄,50MP主摄(OIS)+50MP长焦(2x)+12MP超广角,50MP,4K@60fps,4700mAh,67W,无,True,"Android 14, HyperOS",True,Nano-SIM,177g,157.2x72.8x7.5mm,IP54,屏下光学,True,True,False,2024-05,mi.com,,2026-08-06T14:00:45.987585+00:00
vivo_iqooz9turbo,vivo,iQOO Z9 Turbo,iQOO Z9 Turbo,6.78英寸,AMOLED,2800x1260,144Hz,Snapdragon 8s Gen 3,8核,Adreno 735,12GB,256GB,False,50MP,2摄,50MP主摄(OIS)+8MP超广角,16MP,4K@60fps,6000mAh,80W,无,True,Android 14,True,Nano-SIM,196g,163.7x75.9x8mm,IP64,屏下光学,True,True,False,2024-04,vivo.com,,2026-08-06T14:00:45.987585+00:00
honor_200pro,Honor,200 Pro,200 Pro,6.78英寸,AMOLED,2700x1224,120Hz,Snapdragon 8s Gen 3,8核,Adreno 735,12GB,256GB,False,50MP,3摄,50MP主摄(OIS)+50MP长焦(2.5x)+12MP超广角,50MP,4K@30fps,5200mAh,100W,66W,True,"Android 14, MagicOS",True,Nano-SIM,186g,163.3x75.2x8.2mm,IP55,屏下光学,True,True,False,2024-05,honor.com,,2026-08-06T14:00:45.987585+00:00
nubia_redmagic10pro,ZTE,Red Magic 10 Pro,Red Magic 10 Pro,6.85英寸,AMOLED,2688x1216,144Hz,Snapdragon 8 Gen 3,8核,Adreno 750,16GB,512GB,False,50MP,3摄,50MP主摄(OIS)+50MP超广角+2MP微距,16MP(屏下),8K@30fps,6500mAh,165W,无,True,"Android 14, RedMagic OS",True,Nano-SIM,229g,164x76.4x8.9mm,IP54,屏下光学,True,False,True,2024-11,redmagic.gg,,2026-08-06T14:00:45.987585+00:00
motorola_edge50fusion,Motorola,Edge 50 Fusion,Edge 50 Fusion,6.67英寸,P-OLED,2400x1080,144Hz,Snapdragon 7s Gen 2,8核,Adreno 710,8GB,256GB,False,50MP,2摄,50MP主摄(OIS)+13MP超广角,32MP,4K@30fps,5000mAh,68W,无,True,Android 14,True,Nano-SIM,175g,161.9x73.1x7.9mm,IP68,屏下光学,True,False,False,2024-05,motorola.com,,2026-08-06T14:00:45.987585+00:00
huawei_pura70,Huawei,Pura 70,Pura 70,6.6英寸,LTPO OLED,2760x1256,120Hz,Kirin 9010,12核,Maleoon 910,12GB,256GB,False,50MP,3摄,50MP主摄(OIS)+12MP潜望长焦(5x)+13MP超广角,13MP,4K@60fps,4900mAh,66W,50W,True,HarmonyOS 4.2,True,Nano-SIM,207g,157.6x74.3x7.9mm,IP68,屏下光学,True,True,False,2024-04,huawei.com,,2026-08-06T14:00:45.987585+00:00
realme_gt6t,Realme,GT 6T,GT 6T,6.78英寸,LTPO AMOLED,2780x1264,120Hz,Snapdragon 7+ Gen 3,8核,Adreno 732,8GB,256GB,False,50MP,2摄,50MP主摄(OIS)+8MP超广角,32MP,4K@60fps,5500mAh,120W,无,True,Android 14,True,Nano-SIM,191g,162x75.1x8.7mm,IP65,屏下光学,True,False,False,2024-06,realme.com,,2026-08-06T14:00:45.987585+00:00
nothing_cmfphone1pro,Nothing,CMF Phone 1 Pro,CMF Phone 1 Pro,6.67英寸,AMOLED,2400x1080,120Hz,Dimensity 7200,8核,Mali-G610 MC4,8GB,256GB,True,50MP,2摄,50MP主摄(OIS)+50MP超广角,32MP,4K@30fps,5000mAh,33W,无,True,"Android 14, Nothing OS",False,Nano-SIM,189g,163x76x8mm,IP52,侧边,True,False,False,2024-07,nothing.tech,,2026-08-06T14:00:45.987585+00:00
oppo_a3pro,OPPO,A3 Pro,A3 Pro,6.7英寸,AMOLED,2412x1080,120Hz,Dimensity 7050,8核,Mali-G68,8GB,256GB,False,64MP,2摄,64MP主摄+2MP景深,8MP,1080p@30fps,5000mAh,67W,无,True,Android 14,True,Nano-SIM,182g,162.7x74.3x7.5mm,IP69/IP68/IP66(军工),屏下光学,True,True,False,2024-04,oppo.com,,2026-08-06T14:00:45.987585+00:00
huawei_nova12se,Huawei,Nova 12 SE,Nova 12 SE,6.67英寸,OLED,2400x1080,90Hz,Snapdragon 680,8核,Adreno 610,8GB,256GB,False,108MP,3摄,108MP主摄+8MP超广角+2MP微距,32MP,1080p@30fps,4500mAh,66W,无,True,HarmonyOS 4.0,False,Nano-SIM,186g,162.4x75.1x7.4mm,IP53,侧边,True,False,False,2024-03,huawei.com,,2026-08-06T14:00:45.987585+00:00
samsung_galaxyf55,Samsung,Galaxy F55,Galaxy F55,6.7英寸,Super AMOLED+,2400x1080,120Hz,Exynos 1480,8核,AMD Xclipse,8GB,128GB,True,50MP,3摄,50MP主摄(OIS)+8MP超广角+2MP微距,50MP,4K@30fps,5000mAh,45W,无,True,Android 14,True,Nano-SIM,180g,163.9x76.5x7.8mm,IP52,屏下光学,True,False,False,2024-07,samsung.com,,2026-08-06T14:00:45.987585+00:00
xiaomi_redmi14c,Xiaomi,Redmi 14C,Redmi 14C,6.88英寸,IPS LCD,1640x720,120Hz,Helio G81 Ultra,8核,Mali-G52,4GB,128GB,True,50MP,2摄,50MP主摄+2MP景深,13MP,1080p@30fps,5160mAh,18W,无,False,"Android 14, HyperOS",False,Nano-SIM,210g,171.9x77.8x8.2mm,无防水,侧边,True,False,True,2024-09,mi.com,,2026-08-06T14:00:45.987585+00:00
vivo_y200,vivo,Y200,Y200,6.67英寸,AMOLED,2400x1080,120Hz,Snapdragon 4 Gen 1,8核,Adreno 619,8GB,128GB,True,64MP,2摄,64MP主摄(OIS)+2MP景深,16MP,1080p@30fps,4800mAh,44W,无,True,Android 14,True,Nano-SIM,185g,163.6x75.6x7.6mm,IP54,屏下光学,True,False,False,2024-05,vivo.com,,2026-08-06T14:00:45.987585+00:00
samsung_galaxys25plus,Samsung,Galaxy S25+,Galaxy S25+,6.7英寸,Dynamic LTPO AMOLED 2X,3120x1440,120Hz,Snapdragon 8 Gen 4,8核,Adreno 760,12GB,256GB,False,50MP,3摄,50MP主摄(OIS)+10MP长焦(3x)+12MP超广角,12MP,8K@30fps,4900mAh,45W,25W,True,Android 15,True,Nano-SIM+eSIM,196g,158.4x76x7.6mm,IP68,超声波屏下,True,False,False,2025-01,samsung.com,,2026-08-06T14:00:45.987585+00:00
samsung_galaxys25edge,Samsung,Galaxy S25 Edge,Galaxy S25 Edge,6.6英寸,Dynamic LTPO AMOLED 2X,2400x1080,120Hz,Snapdragon 8 Gen 4,8核,Adreno 760,8GB,128GB,False,50MP,2摄,50MP主摄(OIS)+12MP超广角,12MP,4K@60fps,4400mAh,25W,15W,True,Android 15,True,Nano-SIM+eSIM,172g,158x73x6.4mm,IP68,超声波屏下,True,False,False,2025-04,samsung.com,,2026-08-06T14:00:45.987585+00:00
apple_iphonese3,Apple,iPhone SE 3,iPhone SE 3,4.7英寸,Retina IPS LCD,1334x750,60Hz,A15 Bionic,6核,Apple 4核GPU,4GB,64GB,False,12MP,1摄,12MP主摄(OIS),7MP,4K@60fps,2018mAh,20W,无,True,iOS 15,True,Nano-SIM+eSIM,144g,138.4x67.3x7.3mm,IP67,触控ID(Home键),True,False,False,2022-03,apple.com,,2026-08-06T14:00:45.987585+00:00
realme_14pro,Realme,14 Pro,14 Pro,6.77英寸,AMOLED,2780x1264,120Hz,Dimensity 8400,8核,Immortalis-G720,12GB,256GB,False,50MP,3摄,50MP主摄(OIS)+50MP长焦(3x)+8MP超广角,32MP,4K@60fps,6000mAh,80W,无,True,Android 15,True,Nano-SIM,194g,162.7x74.3x8.2mm,IP69/IP68,屏下光学,True,False,False,2025-01,realme.com,,2026-08-06T14:00:45.987585+00:00
tecno_camon30pro,Tecno,Camon 30 Pro,Camon 30 Pro,6.78英寸,AMOLED,2436x1080,120Hz,Dimensity 8200 Ultimate,8核,Mali-G610,12GB,256GB,False,50MP,2摄,50MP主摄(OIS)+50MP超广角,50MP,4K@30fps,5000mAh,70W,无,True,Android 14,True,Nano-SIM,188g,163x76.3x7.7mm,IP54,屏下光学,True,False,True,2024-03,tecno-mobile.com,,2026-08-06T14:00:45.987585+00:00
xiaomi_pocom6pro5g,Xiaomi,Poco M6 Pro 5G,Poco M6 Pro 5G,6.79英寸,IPS LCD,2460x1080,90Hz,Snapdragon 4 Gen 2,8核,Adreno 613,6GB,128GB,True,50MP,2摄,50MP主摄+2MP景深,8MP,1080p@30fps,5000mAh,18W,无,False,Android 13,True,Nano-SIM,199g,168x78x8.2mm,IP53,侧边,False,False,True,2023-08,mi.com,,2026-08-06T14:01:52.831756+00:00
xiaomi_redmi13,Xiaomi,Redmi 13,Redmi 13,6.79英寸,IPS LCD,2460x1080,90Hz,Helio G91 Ultra,8核,Mali-G52,8GB,256GB,True,108MP,2摄,108MP主摄+2MP微距,13MP,1080p@30fps,5030mAh,33W,无,True,Android 14,False,Nano-SIM,205g,168.6x76.3x8.2mm,IP53,侧边,True,True,True,2024-06,mi.com,,2026-08-06T14:01:52.831756+00:00
realme_13proplus,Realme,13 Pro Plus,13 Pro Plus,6.7英寸,AMOLED,2400x1080,120Hz,Snapdragon 7s Gen 2,8核,Adreno 710,12GB,256GB,False,50MP,3摄,50MP主摄(OIS)+50MP潜望长焦(3x)+8MP超广角,32MP,4K@30fps,5200mAh,80W,无,True,Android 15,True,Nano-SIM,185g,161.3x73.9x8.2mm,IP65,屏下光学,True,False,False,2024-12,realme.com,,2026-08-06T14:01:52.831756+00:00
google_pixel7a,Google,Pixel 7a,Pixel 7a,6.1英寸,OLED,2400x1080,90Hz,Tensor G2,8核,Mali-G710 MP7,8GB,128GB,False,64MP,2摄,64MP主摄(OIS)+13MP超广角,13MP,4K@60fps,4385mAh,18W,7.5W,True,Android 13,True,Nano-SIM+eSIM,193g,152x72.9x9mm,IP67,屏下光学,True,False,False,2023-05,store.google.com,,2026-08-06T14:01:52.831756+00:00
huawei_enjoy70x,Huawei,Enjoy 70X,Enjoy 70X,6.75英寸,IPS LCD,1600x720,60Hz,Kirin 710A,8核,Mali-G51,8GB,128GB,True,50MP,2摄,50MP主摄+2MP景深,8MP,1080p@30fps,6000mAh,22.5W,无,False,HarmonyOS 4.0,False,Nano-SIM,199g,168.3x77.7x8.9mm,无防水,侧边,True,False,True,2024-03,huawei.com,,2026-08-06T14:01:52.831756+00:00
oppo_findx7,OPPO,Find X7,Find X7,6.78英寸,LTPO AMOLED,2780x1264,120Hz,Dimensity 9300,8核,Immortalis-G720,16GB,256GB,False,50MP,3摄,50MP主摄(OIS)+50MP潜望长焦(3x)+50MP超广角,32MP,4K@60fps,5000mAh,100W,50W,True,Android 14,True,Nano-SIM,206g,162.7x75.4x8.7mm,IP65,屏下光学,True,True,False,2024-01,oppo.com,,2026-08-06T14:01:52.831756+00:00
honor_200,Honor,200,200,6.7英寸,AMOLED,2664x1200,120Hz,Snapdragon 7 Gen 3,8核,Adreno 720,12GB,256GB,False,50MP,3摄,50MP主摄(OIS)+50MP长焦(2.5x)+12MP超广角,50MP,4K@30fps,5200mAh,100W,无,True,Android 14,True,Nano-SIM,175g,161.5x74.6x7.7mm,无防水,屏下光学,True,False,False,2024-05,honor.com,,2026-08-06T14:01:52.831756+00:00
samsung_galaxya06s,Samsung,Galaxy A06s,Galaxy A06s,6.6英寸,PLS LCD,1600x720,90Hz,Exynos 850,8核,Mali-G52,4GB,64GB,True,50MP,2摄,50MP主摄+2MP景深,8MP,1080p@30fps,5000mAh,15W,无,False,Android 14,False,Nano-SIM,195g,167.3x77.3x8.8mm,无防水,侧边,False,False,True,2024-08,samsung.com,,2026-08-06T14:02:37.919549+00:00
oppo_findn4flip,OPPO,Find N4 Flip,Find N4 Flip,6.8英寸,Foldable LTPO AMOLED,2640x1080,120Hz,Dimensity 9400,8核,Immortalis-G925,12GB,256GB,False,50MP,2摄,50MP主摄(OIS)+8MP超广角,32MP,4K@60fps,4300mAh,67W,无,True,Android 15,True,Nano-SIM+eSIM,187g,166.2x75.2x7.3mm(展开),IPX8,侧边,True,True,False,2025-02,oppo.com,,2026-08-06T14:02:37.919549+00:00
vivo_x100ultra,vivo,X100 Ultra,X100 Ultra,6.78英寸,LTPO AMOLED,3200x1440,120Hz,Snapdragon 8 Gen 3,8核,Adreno 750,12GB,256GB,False,50MP,3摄,"50MP主摄(1英寸,OIS)+200MP潜望长焦(3.7x)+50MP超广角",50MP,8K@30fps,5500mAh,80W,50W,True,Android 14,True,Nano-SIM,221g,164.1x75.6x9.2mm,IP69/IP68,超声波屏下,True,True,False,2024-05,vivo.com,,2026-08-06T14:02:37.919549+00:00
nokia_g42,Nokia,G42,G42,6.56英寸,IPS LCD,1612x720,90Hz,Snapdragon 480+,8核,Adreno 619,6GB,128GB,True,50MP,3摄,50MP主摄+2MP微距+2MP景深,8MP,1080p@30fps,5000mAh,20W,无,True,Android 13,True,Nano-SIM,193g,165x75.8x8.6mm,IP52,侧边,True,False,True,2023-06,nokia.com,,2026-08-06T14:02:37.919549+00:00
lenovo_legionpro2,Lenovo,Legion Pro 2,Legion Pro 2,6.92英寸,AMOLED,2480x1116,165Hz,Snapdragon 8 Gen 3,8核,Adreno 750,24GB,1024GB,False,50MP,2摄,50MP主摄+13MP超广角,32MP,8K@24fps,5500mAh,120W,无,True,Android 14,True,Nano-SIM,252g,177x83.2x10.2mm,IP54,侧边,True,False,True,2024-08,lenovo.com,,2026-08-06T14:02:37.919549+00:00
sony_xperia10vi,Sony,Xperia 10 VI,Xperia 10 VI,6.1英寸,OLED,2520x1080,120Hz,Snapdragon 6 Gen 1,8核,Adreno 710,8GB,128GB,True,48MP,2摄,48MP主摄(OIS)+8MP超广角,8MP,4K@30fps,5000mAh,30W,无,True,Android 14,True,Nano-SIM+eSIM,164g,155x68x8.3mm,IP68,侧边,True,False,True,2024-05,sony.com,,2026-08-06T14:02:37.919549+00:00
tecno_spark30pro,Tecno,Spark 30 Pro,Spark 30 Pro,6.78英寸,AMOLED,2436x1080,120Hz,Helio G100,8核,Mali-G57,8GB,256GB,True,108MP,2摄,108MP主摄+2MP景深,13MP,1440p@30fps,5000mAh,33W,无,True,Android 14,False,Nano-SIM,189g,169x77.8x8.1mm,IP53,侧边,True,False,True,2024-09,tecno-mobile.com,,2026-08-06T14:02:37.919549+00:00
infinix_hot50pro,Infinix,Hot 50 Pro Plus,Hot 50 Pro Plus,6.78英寸,AMOLED,2436x1080,120Hz,Helio G100,8核,Mali-G57,16GB,256GB,True,50MP,2摄,50MP主摄+2MP景深,13MP,1440p@30fps,5000mAh,33W,无,True,Android 14,False,Nano-SIM,162g,164.1x74.4x6.8mm,IP54,侧边,True,True,True,2024-10,infinixmobility.com,,2026-08-06T14:02:37.919549+00:00
zte_nubianeo5g,ZTE,Nubia Neo 5G,Nubia Neo 5G,6.6英寸,IPS LCD,2408x1080,120Hz,Unisoc T820,8核,Mali-G57,8GB,256GB,True,50MP,2摄,50MP主摄+2MP景深,8MP,1080p@30fps,4500mAh,22.5W,无,True,Android 13,True,Nano-SIM,192g,163.7x75x8.5mm,无防水,侧边,True,False,True,2023-06,zte.com,,2026-08-06T14:02:37.919549+00:00
tcl_60xe,TCL,60 XE,60 XE,6.8英寸,IPS LCD,2460x1080,120Hz,Dimensity 6100+,8核,Mali-G57,8GB,256GB,True,50MP,3摄,50MP主摄+5MP超广角+2MP微距,32MP,1080p@30fps,5000mAh,18W,无,True,Android 14,True,Nano-SIM,192g,167.6x76.5x8.8mm,IP52,侧边,True,False,True,2024-06,tcl.com,,2026-08-06T14:02:37.919549+00:00
samsung_galaxya16,Samsung,Galaxy A16,Galaxy A16,6.7英寸,Super AMOLED,2340x1080,90Hz,Exynos 1330,8核,Mali-G68,6GB,128GB,True,50MP,3摄,50MP主摄+5MP超广角+2MP微距,13MP,1080p@30fps,5000mAh,25W,无,True,Android 14,True,Nano-SIM,192g,164.2x76.8x8.1mm,IP54,侧边,True,False,True,2024-10,samsung.com,,2026-08-07T00:44:43.761143+00:00
samsung_galaxya36,Samsung,Galaxy A36,Galaxy A36,6.6英寸,Super AMOLED,2340x1080,120Hz,Snapdragon 6 Gen 3,8核,Adreno 710,8GB,256GB,True,50MP,3摄,50MP主摄(OIS)+8MP超广角+5MP微距,32MP,4K@30fps,5000mAh,45W,无,True,Android 15,True,Nano-SIM,185g,162.4x76.2x7.7mm,IP67,屏下光学,True,False,False,2025-03,samsung.com,,2026-08-07T00:44:43.761143+00:00
google_pixel8,Google,Pixel 8,Pixel 8,6.2英寸,OLED,2400x1080,120Hz,Tensor G3,9核,Immortalis-G715s,8GB,128GB,False,50MP,2摄,50MP主摄(OIS)+12MP超广角,10.5MP,4K@60fps,4575mAh,27W,18W,True,Android 14,True,Nano-SIM+eSIM,187g,150.5x70.8x8.9mm,IP68,屏下光学,True,False,False,2023-10,store.google.com,,2026-08-07T00:44:43.761143+00:00
motorola_edge50neo,Motorola,Edge 50 Neo,Edge 50 Neo,6.4英寸,pOLED,2670x1220,120Hz,Dimensity 7300,8核,Mali-G615,12GB,512GB,False,50MP,3摄,50MP主摄(OIS)+10MP长焦(3x)+13MP超广角,32MP,4K@30fps,4310mAh,68W,15W,True,Android 14,True,Nano-SIM+eSIM,171g,154.1x71.2x8.1mm,IP68,屏下光学,True,False,False,2024-08,motorola.com,,2026-08-07T00:44:43.761143+00:00
honor_90,Honor,90,90,6.7英寸,AMOLED,2664x1200,120Hz,Snapdragon 7 Gen 1,8核,Adreno 644,12GB,256GB,False,200MP,3摄,200MP主摄+12MP超广角+2MP景深,50MP,4K@30fps,5000mAh,66W,无,True,Android 13,True,Nano-SIM,183g,161.9x74.1x7.8mm,无防水,屏下光学,True,False,False,2023-06,honor.com,,2026-08-07T00:44:43.761143+00:00
sony_xperia5v,Sony,Xperia 5 V,Xperia 5 V,6.1英寸,OLED,2520x1080,120Hz,Snapdragon 8 Gen 2,8核,Adreno 740,8GB,128GB,True,48MP,2摄,48MP主摄(OIS)+12MP超广角,12MP,4K@120fps,5000mAh,30W,15W,True,Android 13,True,Nano-SIM+eSIM,183g,154x68x8.6mm,IP68,侧边,True,False,True,2023-09,sony.com,,2026-08-07T00:44:43.761143+00:00
asus_rogphone8,ASUS,ROG Phone 8,ROG Phone 8,6.78英寸,AMOLED,2400x1080,165Hz,Snapdragon 8 Gen 3,8核,Adreno 750,16GB,256GB,False,50MP,3摄,50MP主摄(OIS)+13MP超广角+32MP长焦(3x),32MP,8K@24fps,5500mAh,65W,15W,True,Android 14,True,Nano-SIM,225g,163.8x76.8x8.9mm,IP68,屏下光学,True,False,True,2024-01,asus.com,,2026-08-07T00:44:43.761143+00:00
nothing_phone1,Nothing,Phone (1),Phone (1),6.55英寸,OLED,2400x1080,120Hz,Snapdragon 778G+,8核,Adreno 642L,8GB,256GB,False,50MP,2摄,50MP主摄(OIS)+50MP超广角,16MP,4K@30fps,4500mAh,33W,15W,True,Android 12,True,Nano-SIM,193g,159.2x75.8x8.3mm,IP53,屏下光学,True,False,False,2022-07,nothing.tech,,2026-08-07T00:44:43.761143+00:00
realme_gtneo6,Realme,GT Neo 6,GT Neo 6,6.78英寸,AMOLED,2780x1264,120Hz,Snapdragon 8s Gen 3,8核,Adreno 735,12GB,256GB,False,50MP,2摄,50MP主摄(OIS)+8MP超广角,32MP,4K@60fps,5500mAh,120W,无,True,Android 14,True,Nano-SIM,191g,162.1x75x8.7mm,IP65,屏下光学,True,True,False,2024-05,realme.com,,2026-08-07T00:44:43.761143+00:00
vivo_iqooneo9spro,vivo,iQOO Neo 9S Pro,iQOO Neo 9S Pro,6.78英寸,AMOLED,2800x1260,144Hz,Dimensity 9300+,8核,Immortalis-G720,16GB,512GB,False,50MP,2摄,50MP主摄(OIS)+8MP超广角,16MP,4K@60fps,5160mAh,120W,无,True,Android 14,True,Nano-SIM,196g,163.5x75.7x8mm,无防水,超声波屏下,True,True,False,2024-07,vivo.com,,2026-08-07T00:44:43.761143+00:00
oppo_reno13pro,OPPO,Reno 13 Pro,Reno 13 Pro,6.83英寸,AMOLED,2800x1272,120Hz,Dimensity 8350,8核,Mali-G615,12GB,256GB,False,50MP,3摄,50MP主摄(OIS)+8MP超广角+50MP长焦(3.5x),50MP,4K@60fps,5800mAh,80W,50W,True,Android 15,True,Nano-SIM,195g,162.6x76.8x7.6mm,IP69/IP68,屏下光学,True,True,False,2024-12,oppo.com,,2026-08-07T00:44:43.761143+00:00
huawei_mate70rs,Huawei,Mate 70 RS Ultimate,Mate 70 RS Ultimate,6.9英寸,LTPO OLED,2832x1316,120Hz,Kirin 9100,8核,Maleoon 920,16GB,512GB,False,50MP,4摄,50MP主摄(可变光圈)+48MP潜望长焦(3.5x)+40MP超广角+1.6MP多光谱,13MP+3D深感,4K@60fps,5700mAh,100W,80W,True,HarmonyOS NEXT,True,Nano-SIM,228g,164.1x75.5x8.1mm,IP69/IP68,3D面部+屏下光学,True,True,False,2024-11,huawei.com,,2026-08-07T00:44:43.761143+00:00
samsung_galaxym15,Samsung,Galaxy M15,Galaxy M15,6.6英寸,Super AMOLED,2340x1080,90Hz,Dimensity 6100+,8核,Mali-G57,6GB,128GB,True,50MP,3摄,50MP主摄+5MP超广角+2MP微距,13MP,1080p@30fps,6000mAh,25W,无,True,Android 14,True,Nano-SIM,206g,164x76.7x8.5mm,无防水,侧边,True,False,True,2024-06,samsung.com,,2026-08-07T00:45:33.622037+00:00
samsung_galaxyzflip5,Samsung,Galaxy Z Flip 5,Galaxy Z Flip 5,6.7英寸,Foldable Dynamic AMOLED 2X,2640x1080,120Hz,Snapdragon 8 Gen 2,8核,Adreno 740,8GB,256GB,False,12MP,2摄,12MP主摄(OIS)+12MP超广角,10MP,4K@60fps,3700mAh,25W,15W,True,Android 13,True,Nano-SIM+eSIM,187g,165.1x71.9x6.9mm(展开),IPX8,侧边,True,False,False,2023-08,samsung.com,,2026-08-07T00:45:33.622037+00:00
xiaomi_redminote13rpro,Xiaomi,Redmi Note 13R Pro,Redmi Note 13R Pro,6.67英寸,OLED,2400x1080,120Hz,Dimensity 6080,8核,Mali-G57,8GB,256GB,True,108MP,2摄,108MP主摄+2MP景深,16MP,1080p@30fps,5000mAh,33W,无,True,Android 13,True,Nano-SIM,188g,161.1x75x7.7mm,IP54,侧边,True,True,True,2023-09,mi.com,,2026-08-07T00:45:33.622037+00:00
xiaomi_pococ75,Xiaomi,Poco C75,Poco C75,6.88英寸,IPS LCD,1600x720,120Hz,Helio G91 Ultra,8核,Mali-G52,6GB,128GB,True,50MP,2摄,50MP主摄+2MP微距,13MP,1080p@30fps,5160mAh,18W,无,False,Android 14,False,Nano-SIM,206g,171.9x78x8.3mm,无防水,侧边,False,False,True,2024-10,mi.com,,2026-08-07T00:45:33.622037+00:00
oppo_a5pro,OPPO,A5 Pro,A5 Pro,6.7英寸,AMOLED,2412x1080,120Hz,Dimensity 7300,8核,Mali-G615,8GB,256GB,True,50MP,2摄,50MP主摄(OIS)+2MP黑白,16MP,4K@30fps,6000mAh,80W,无,True,Android 15,True,Nano-SIM,185g,161.5x74.3x7.7mm,IP69/IP68,屏下光学,True,True,False,2025-01,oppo.com,,2026-08-07T00:45:33.622037+00:00
vivo_v50,vivo,V50,V50,6.77英寸,AMOLED,2392x1080,120Hz,Snapdragon 7 Gen 3,8核,Adreno 720,12GB,256GB,False,50MP,2摄,50MP主摄(OIS)+50MP超广角,50MP,4K@30fps,6000mAh,90W,无,True,Android 15,True,Nano-SIM,189g,163.8x75x7.4mm,IP69/IP68,屏下光学,True,False,False,2025-02,vivo.com,,2026-08-07T00:45:33.622037+00:00
motorola_razr50,Motorola,Razr 50,Razr 50,6.9英寸,Foldable pOLED,2640x1080,120Hz,Dimensity 7300X,8核,Mali-G615,8GB,256GB,False,50MP,2摄,50MP主摄(OIS)+13MP超广角,32MP,4K@30fps,4200mAh,30W,15W,True,Android 14,True,Nano-SIM+eSIM,188g,171.3x74x7.3mm(展开),IPX8,侧边,True,False,False,2024-06,motorola.com,,2026-08-07T00:45:33.622037+00:00
google_pixel7,Google,Pixel 7,Pixel 7,6.3英寸,OLED,2400x1080,90Hz,Tensor G2,8核,Mali-G710 MP7,8GB,128GB,False,50MP,2摄,50MP主摄(OIS)+12MP超广角,10.8MP,4K@60fps,4355mAh,21W,20W,True,Android 13,True,Nano-SIM+eSIM,197g,155.6x73.2x8.7mm,IP68,屏下光学,True,False,False,2022-10,store.google.com,,2026-08-07T00:45:33.622037+00:00
oneplus_nordce4lite,OnePlus,Nord CE4 Lite,Nord CE4 Lite,6.67英寸,AMOLED,2400x1080,120Hz,Snapdragon 6 Gen 1,8核,Adreno 710,8GB,256GB,True,50MP,2摄,50MP主摄(OIS)+2MP景深,16MP,1080p@30fps,5500mAh,80W,无,True,Android 14,True,Nano-SIM,191g,162.9x75.6x8.1mm,IP54,屏下光学,True,False,True,2024-07,oneplus.com,,2026-08-07T00:45:33.622037+00:00
honor_x50pro,Honor,X50 Pro,X50 Pro,6.78英寸,AMOLED,2652x1200,120Hz,Snapdragon 8+ Gen 1,8核,Adreno 730,12GB,256GB,False,108MP,2摄,108MP主摄+2MP景深,8MP,4K@30fps,5800mAh,35W,无,True,Android 13,True,Nano-SIM,192g,163.6x75.5x8mm,IP53,屏下光学,True,False,False,2023-12,honor.com,,2026-08-07T00:45:33.622037+00:00
zte_redmagic9spro,ZTE,Red Magic 9S Pro,Red Magic 9S Pro,6.8英寸,AMOLED,2480x1116,120Hz,Snapdragon 8 Gen 3 (领先版),8核,Adreno 750 (1GHz),16GB,512GB,False,50MP,2摄,50MP主摄+50MP超广角,16MP(屏下),8K@30fps,6500mAh,80W,无,True,Android 14,True,Nano-SIM,229g,164x76.4x8.9mm,无防水,屏下光学,True,True,True,2024-07,redmagic.com,,2026-08-07T00:45:33.622037+00:00
tecno_phantomvfold2,Tecno,Phantom V Fold 2,Phantom V Fold 2,7.85英寸,Foldable LTPO AMOLED,2296x2000,120Hz,Dimensity 9300+,8核,Immortalis-G720,12GB,512GB,False,50MP,3摄,50MP主摄(OIS)+50MP长焦(2x)+50MP超广角,32MP+32MP,4K@30fps,5750mAh,70W,无,True,Android 14,True,Nano-SIM,249g,161.3x72.7x5.5mm(展开),IP54,侧边,True,True,False,2024-10,tecno-mobile.com,,2026-08-07T00:45:33.622037+00:00
xiaomi_redmiturbo4,Xiaomi,Redmi Turbo 4,Redmi Turbo 4,6.67英寸,AMOLED,2712x1220,120Hz,Dimensity 8400 Ultra,8核,Immortalis-G720,12GB,256GB,False,50MP,2摄,50MP主摄(OIS)+8MP超广角,20MP,4K@60fps,6550mAh,90W,无,True,Android 15,True,Nano-SIM,203g,161.2x75.2x8mm,IP68,屏下光学,True,True,False,2025-01,mi.com,,2026-08-07T00:46:18.716427+00:00
motorola_g05,Motorola,Moto G05,Moto G05,6.67英寸,IPS LCD,1600x720,90Hz,Helio G36,8核,PowerVR GE8320,4GB,64GB,True,50MP,2摄,50MP主摄+2MP景深,8MP,1080p@30fps,5200mAh,15W,无,False,Android 14 Go,False,Nano-SIM,189g,165.7x76x8.2mm,IP52,侧边,False,False,True,2024-08,motorola.com,,2026-08-07T00:46:18.716427+00:00
tcl_505,TCL,505,505,6.75英寸,IPS LCD,1600x720,90Hz,Helio G36,8核,PowerVR GE8320,4GB,128GB,True,50MP,2摄,50MP主摄+2MP景深,5MP,1080p@30fps,5010mAh,10W,无,False,Android 14,False,Nano-SIM,189g,168x78x8.9mm,无防水,侧边,False,False,True,2024-05,tcl.com,,2026-08-07T00:46:18.716427+00:00
nokia_g22,Nokia,G22,G22,6.5英寸,IPS LCD,1612x720,90Hz,Unisoc T606,8核,Mali-G57,4GB,64GB,True,50MP,3摄,50MP主摄+2MP微距+2MP景深,8MP,1080p@30fps,5050mAh,20W,无,False,Android 12,False,Nano-SIM,196g,165x76.2x8.5mm,IP52,侧边,True,False,True,2023-02,nokia.com,,2026-08-07T00:46:18.716427+00:00
meizu_21,Meizu,21,21,6.55英寸,AMOLED,2340x1080,120Hz,Snapdragon 8 Gen 3,8核,Adreno 750,12GB,256GB,False,200MP,3摄,200MP主摄(OIS)+13MP超广角+5MP微距,32MP,8K@24fps,4800mAh,80W,无,True,Flyme 10 (Android 13),True,Nano-SIM,198g,156.7x75.3x7.9mm,IP54,超声波屏下,True,False,False,2023-11,meizu.com,,2026-08-07T00:46:18.716427+00:00
sony_xperia1v,Sony,Xperia 1 V,Xperia 1 V,6.5英寸,4K HDR OLED,3840x1644,120Hz,Snapdragon 8 Gen 2,8核,Adreno 740,12GB,256GB,True,48MP,3摄,48MP主摄(OIS)+12MP长焦(3.5-5.2x)+12MP超广角,12MP,4K@120fps,5000mAh,30W,15W,True,Android 13,True,Nano-SIM+eSIM,187g,165x71x8.3mm,IP68,侧边,True,False,True,2023-06,sony.com,,2026-08-07T00:46:18.716427+00:00
samsung_galaxyf54,Samsung,Galaxy F54,Galaxy F54,6.7英寸,Super AMOLED+,2400x1080,120Hz,Exynos 1380,8核,Mali-G68,8GB,256GB,True,108MP,3摄,108MP主摄(OIS)+8MP超广角+2MP微距,32MP,4K@30fps,6000mAh,25W,无,True,Android 13,True,Nano-SIM,199g,164.9x77.3x8.4mm,无防水,侧边,True,False,False,2023-06,samsung.com,,2026-08-07T00:46:18.716427+00:00
honor_magic6lite,Honor,Magic6 Lite,Magic6 Lite,6.78英寸,AMOLED,2652x1200,120Hz,Snapdragon 6 Gen 1,8核,Adreno 710,8GB,256GB,False,108MP,2摄,108MP主摄+5MP超广角,16MP,1080p@30fps,5800mAh,35W,无,True,Android 13,True,Nano-SIM,185g,163.6x75.5x8mm,IP53,屏下光学,True,False,False,2023-12,honor.com,,2026-08-07T00:46:18.716427+00:00
lenovo_taby11pro,Lenovo,Tab Y11 Pro,Tab Y11 Pro,11.5英寸,IPS LCD,2000x1200,90Hz,Snapdragon 685,8核,Adreno 610,8GB,128GB,True,13MP,1摄,13MP主摄,8MP,1080p@30fps,7700mAh,20W,无,False,Android 13,False,Nano-SIM(LTE),465g,269x169x7.2mm,无防水,无,False,False,True,2023-11,lenovo.com,,2026-08-07T00:46:18.716427+00:00
huawei_matepadpro132,Huawei,MatePad Pro 13.2,MatePad Pro 13.2,13.2英寸,OLED,2880x1920,144Hz,Kirin 9000S,8核,Maleoon 910,12GB,512GB,False,13MP,2摄,13MP主摄+8MP超广角,16MP+ToF,4K@30fps,10100mAh,88W,无,True,HarmonyOS 4.0,False,无蜂窝版,580g,289.1x196.1x5.5mm,无防水,无,False,False,False,2023-09,huawei.com,,2026-08-07T00:46:18.716427+00:00
samsung_galaxya06,Samsung,Galaxy A06,Galaxy A06,6.7英寸,PLS LCD,1600x720,60Hz,Helio G85,8核,Mali-G52,4GB,128GB,True,50MP,2摄,50MP主摄+2MP景深,8MP,1080p@30fps,5000mAh,25W,无,True,Android 14,False,Nano-SIM,189g,167.3x77.3x8mm,无防水,侧边,False,False,True,2024-08,samsung.com,,2026-08-07T00:54:50.083930+00:00
samsung_galaxym05,Samsung,Galaxy M05,Galaxy M05,6.5英寸,PLS LCD,1600x720,60Hz,Helio G85,8核,Mali-G52,4GB,64GB,True,50MP,2摄,50MP主摄+2MP景深,8MP,1080p@30fps,5000mAh,25W,无,True,Android 14,False,Nano-SIM,195g,164.2x75.9x9.1mm,无防水,侧边,False,False,True,2024-06,samsung.com,,2026-08-07T00:54:50.083930+00:00
samsung_galaxya56,Samsung,Galaxy A56,Galaxy A56,6.7英寸,Super AMOLED,2340x1080,120Hz,Exynos 1580,8核,Xclipse 540,8GB,128GB,True,50MP,3摄,50MP主摄(OIS)+12MP超广角+5MP微距,32MP,4K@30fps,5000mAh,45W,无,True,Android 15,True,Nano-SIM,198g,162.7x76.1x7.5mm,IP67,屏下光学,True,False,False,2025-03,samsung.com,,2026-08-07T00:54:50.083930+00:00
xiaomi_redminote14s,Xiaomi,Redmi Note 14S,Redmi Note 14S,6.67英寸,AMOLED,2400x1080,120Hz,Helio G100 Ultra,8核,Mali-G57,8GB,256GB,True,200MP,3摄,200MP主摄(OIS)+8MP超广角+2MP微距,32MP,1080p@30fps,5000mAh,67W,无,True,Android 14,False,Nano-SIM,179g,161.1x75x7.6mm,IP54,屏下光学,True,True,True,2025-04,mi.com,,2026-08-07T00:54:50.083930+00:00
xiaomi_pocox7,Xiaomi,Poco X7,Poco X7,6.72英寸,AMOLED,2400x1080,120Hz,Dimensity 7300 Ultra,8核,Mali-G615,8GB,256GB,False,50MP,3摄,50MP主摄(OIS)+8MP超广角+2MP微距,20MP,4K@30fps,5110mAh,45W,无,True,Android 14,True,Nano-SIM,186g,162.3x74.4x8.4mm,IP68,屏下光学,True,True,False,2025-01,mi.com,,2026-08-07T00:54:50.083930+00:00
oppo_reno12fs,OPPO,Reno 12F,Reno 12F,6.67英寸,AMOLED,2400x1080,120Hz,Dimensity 6300,8核,Mali-G57,8GB,256GB,True,50MP,3摄,50MP主摄(OIS)+8MP超广角+2MP微距,32MP,1080p@30fps,5000mAh,45W,无,True,Android 14,True,Nano-SIM,187g,163.1x75.8x7.8mm,IP65,屏下光学,True,False,False,2024-08,oppo.com,,2026-08-07T00:54:50.083930+00:00
oppo_f27pro,OPPO,F27 Pro Plus,F27 Pro Plus,6.7英寸,AMOLED,2412x1080,120Hz,Dimensity 7050,8核,Mali-G68,8GB,128GB,False,64MP,2摄,64MP主摄(OIS)+2MP景深,8MP,4K@30fps,5000mAh,67W,无,True,Android 14,True,Nano-SIM,177g,161.2x74.3x7.9mm,IP69/IP68/IP66,屏下光学,True,False,False,2024-06,oppo.com,,2026-08-07T00:54:50.083930+00:00
vivo_y300pro,vivo,Y300 Pro,Y300 Pro,6.77英寸,AMOLED,2392x1080,120Hz,Snapdragon 6 Gen 1,8核,Adreno 710,8GB,128GB,False,50MP,2摄,50MP主摄+2MP景深,32MP,1080p@30fps,6500mAh,80W,无,True,Android 14,True,Nano-SIM,194g,165.7x76x7.8mm,IP65,屏下光学,True,False,False,2024-09,vivo.com,,2026-08-07T00:54:50.083930+00:00
vivo_iqooz10turbo,vivo,iQOO Z10 Turbo,iQOO Z10 Turbo,6.78英寸,AMOLED,2800x1260,144Hz,Snapdragon 8s Gen 3,8核,Adreno 735,12GB,256GB,False,50MP,2摄,50MP主摄(OIS)+8MP超广角,16MP,4K@60fps,6000mAh,90W,无,True,Android 15,True,Nano-SIM,197g,163.7x75.9x8mm,IP64,屏下光学,True,True,False,2025-05,vivo.com,,2026-08-07T00:54:50.083930+00:00
motorola_g35,Motorola,Moto G35,Moto G35,6.7英寸,IPS LCD,2400x1080,120Hz,Unisoc T760,8核,Mali-G57,4GB,128GB,True,50MP,2摄,50MP主摄+8MP超广角,16MP,1080p@30fps,5000mAh,20W,无,False,Android 14,True,Nano-SIM,185g,166.1x76.8x7.8mm,IP52,侧边,True,False,True,2024-09,motorola.com,,2026-08-07T00:54:50.083930+00:00
realme_14proplus,Realme,14 Pro Plus,14 Pro Plus,6.83英寸,OLED,2800x1272,120Hz,Snapdragon 7s Gen 3,8核,Adreno 810,12GB,512GB,False,50MP,3摄,50MP主摄(OIS)+50MP潜望长焦(3x)+8MP超广角,32MP,4K@30fps,6000mAh,80W,无,True,Android 15,True,Nano-SIM,194g,163.8x76.4x7.9mm,IP69/IP68,屏下光学,True,True,False,2025-01,realme.com,,2026-08-07T00:54:50.083930+00:00
realme_p3pro,Realme,P3 Pro,P3 Pro,6.7英寸,AMOLED,2412x1080,120Hz,Snapdragon 7 Gen 3,8核,Adreno 720,8GB,256GB,False,50MP,2摄,50MP主摄(OIS)+8MP超广角,32MP,4K@30fps,5600mAh,45W,无,True,Android 15,True,Nano-SIM,189g,162.5x74.3x7.8mm,IP65,屏下光学,True,False,False,2025-02,realme.com,,2026-08-07T00:54:50.083930+00:00
oneplus_nordn40se,OnePlus,Nord N40 SE,Nord N40 SE,6.74英寸,IPS LCD,1600x720,90Hz,Dimensity 6020,8核,Mali-G57,4GB,128GB,True,50MP,2摄,50MP主摄+2MP景深,8MP,1080p@30fps,5000mAh,33W,无,True,Android 14,True,Nano-SIM,195g,167.2x76.7x8.1mm,IP54,侧边,True,True,True,2025-03,oneplus.com,,2026-08-07T00:54:50.083930+00:00
huawei_nova12lite,Huawei,Nova 12 Lite,Nova 12 Lite,6.7英寸,OLED,2412x1084,120Hz,Snapdragon 778G,8核,Adreno 642L,8GB,256GB,False,50MP,2摄,50MP主摄+8MP超广角,60MP,4K@30fps,4500mAh,66W,无,True,HarmonyOS 4.0,False,Nano-SIM,168g,161.3x74.9x6.9mm,无防水,屏下光学,True,False,False,2023-12,huawei.com,,2026-08-07T00:54:50.083930+00:00
huawei_nexaenjoy70x,Huawei,Enjoy 70X,Enjoy 70X,6.75英寸,TFT LCD,1600x720,60Hz,Snapdragon 680,8核,Adreno 610,8GB,128GB,True,108MP,2摄,108MP主摄+2MP景深,8MP,1080p@30fps,7000mAh,22.5W,无,False,HarmonyOS 4.0,False,Nano-SIM,216g,168.3x77.7x8.9mm,无防水,侧边,True,False,True,2024-01,huawei.com,,2026-08-07T00:54:50.083930+00:00
google_pixelfold2,Google,Pixel 9 Pro Fold,Pixel 9 Pro Fold,8英寸,Foldable LTPO OLED,2076x2152,120Hz,Tensor G4,8核,Mali-G715,16GB,256GB,False,48MP,3摄,48MP主摄(OIS)+10.5MP超广角+10.8MP长焦(5x),10MP+10MP,4K@60fps,4650mAh,21W,21W,True,Android 14,True,Nano-SIM+eSIM,257g,155.2x150.2x5.1mm(展开),IPX8,侧边,True,False,False,2024-09,store.google.com,,2026-08-07T00:55:58.530444+00:00
honor_padgtpro,Honor,Pad GT Pro,Pad GT Pro,12.3英寸,OLED,3000x1920,144Hz,Snapdragon 8s Gen 3,8核,Adreno 735,16GB,512GB,False,13MP,1摄,13MP主摄,16MP,4K@30fps,10050mAh,66W,无,True,MagicOS 9 (Android 15),False,Wi-Fi版,555g,274.3x180.5x5.8mm,无防水,无,False,False,False,2025-06,honor.com,,2026-08-07T00:55:58.530444+00:00
honor_x9b,Honor,X9b,X9b,6.78英寸,AMOLED,2652x1200,120Hz,Snapdragon 6 Gen 1,8核,Adreno 710,8GB,256GB,False,108MP,3摄,108MP主摄+5MP超广角+2MP微距,16MP,4K@30fps,5800mAh,35W,无,True,Android 13,True,Nano-SIM,185g,163.6x75.5x8mm,IP53,屏下光学,True,False,False,2023-10,honor.com,,2026-08-07T00:55:58.530444+00:00
oneplus_ce3lite,OnePlus,Nord CE 3 Lite,Nord CE 3 Lite,6.72英寸,IPS LCD,2400x1080,120Hz,Snapdragon 695,8核,Adreno 619,8GB,128GB,True,108MP,3摄,108MP主摄+2MP微距+2MP景深,16MP,1080p@30fps,5000mAh,67W,无,True,Android 13,True,Nano-SIM,195g,165.5x76x8.3mm,无防水,侧边,True,True,True,2023-04,oneplus.com,,2026-08-07T00:55:58.530444+00:00
nothing_phone3ap,Nothing,Phone (3a) Plus,Phone (3a) Plus,6.77英寸,AMOLED,2392x1080,120Hz,Snapdragon 7s Gen 3,8核,Adreno 810,12GB,256GB,False,50MP,3摄,50MP主摄(OIS)+50MP长焦(2x光学)+8MP超广角,50MP,4K@30fps,5000mAh,50W,15W,True,Android 15,True,Nano-SIM,201g,163.5x77.5x8.4mm,IP64,屏下光学,True,False,False,2025-05,nothing.tech,,2026-08-07T00:55:58.530444+00:00
zte_redmagic10proplus,ZTE,Red Magic 10 Pro Plus,Red Magic 10 Pro Plus,6.85英寸,AMOLED,2688x1216,144Hz,Snapdragon 8 Elite,8核,Adreno 830,24GB,1TB,False,50MP,3摄,50MP主摄(OIS)+50MP超广角+2MP微距,16MP(屏下),8K@30fps,7050mAh,120W,无,True,Android 15,True,Nano-SIM,229g,164.3x77.1x8.5mm,无防水,屏下光学,True,True,True,2025-07,redmagic.com,,2026-08-07T00:55:58.530444+00:00
zte_bladea55,ZTE,Blade A55,Blade A55,6.6英寸,IPS LCD,1612x720,90Hz,Unisoc T760,8核,Mali-G57,4GB,128GB,True,13MP,2摄,13MP主摄+2MP景深,5MP,1080p@30fps,5000mAh,10W,无,False,Android 14,False,Nano-SIM,192g,164.3x76.1x8.7mm,无防水,侧边,False,False,True,2024-07,zte.com.cn,,2026-08-07T00:55:58.530444+00:00
tecno_spark30,Tecno,Spark 30,Spark 30,6.78英寸,IPS LCD,2460x1080,90Hz,Helio G91,8核,Mali-G52,8GB,256GB,True,64MP,2摄,64MP主摄+2MP微距,13MP,1440p@30fps,5000mAh,18W,无,False,Android 14,False,Nano-SIM,196g,166.5x77.3x7.9mm,IP54,侧边,True,False,True,2024-06,tecno-mobile.com,,2026-08-07T00:55:58.530444+00:00
infinix_hot50i,Infinix,Hot 50i,Hot 50i,6.7英寸,IPS LCD,1600x720,120Hz,Helio G81,8核,Mali-G52,6GB,128GB,True,48MP,2摄,48MP主摄+2MP景深,8MP,1080p@30fps,5000mAh,18W,无,False,Android 14,False,Nano-SIM,191g,165.7x76.3x7.9mm,IP54,侧边,False,False,True,2024-07,infinixmobility.com,,2026-08-07T00:55:58.530444+00:00
infinix_note50x,Infinix,Note 50X,Note 50X,6.78英寸,AMOLED,2436x1080,120Hz,Dimensity 7200 Ultra,8核,Mali-G610,8GB,256GB,True,108MP,3摄,108MP主摄(OIS)+2MP微距+2MP景深,32MP,4K@30fps,5000mAh,45W,15W,True,Android 15,True,Nano-SIM,186g,164.5x74.6x7.8mm,IP54,屏下光学,True,False,False,2025-04,infinixmobility.com,,2026-08-07T00:55:58.530444+00:00
tcl_50xenxpaper,TCL,50 XE NXTPAPER,50 XE NXTPAPER,6.6英寸,IPS NXTPAPER 3.0,1612x720,90Hz,Helio G88,8核,Mali-G52,6GB,128GB,True,50MP,3摄,50MP主摄+5MP超广角+2MP微距,16MP,1080p@30fps,5010mAh,18W,无,False,Android 14,False,Nano-SIM,192g,167.6x77.4x8.2mm,无防水,侧边,True,False,True,2024-08,tcl.com,,2026-08-07T00:55:58.530444+00:00
nokia_g60,Nokia,G60,G60,6.58英寸,IPS LCD,2400x1080,120Hz,Snapdragon 695,8核,Adreno 619,6GB,128GB,True,50MP,3摄,50MP主摄+5MP超广角+2MP景深,8MP,1080p@30fps,4500mAh,20W,无,False,Android 12,True,Nano-SIM,190g,165.9x75.9x8.6mm,IP52,侧边,True,False,True,2022-09,nokia.com,,2026-08-07T00:55:58.530444+00:00
huawei_novaflip,Huawei,Nova Flip,Nova Flip,6.94英寸,Foldable OLED,2690x1136,120Hz,Kirin 8000,8核,Maleoon 910,12GB,256GB,False,50MP,2摄,50MP主摄(OIS)+8MP超广角,32MP,4K@30fps,4400mAh,66W,无,True,HarmonyOS 4.2,True,Nano-SIM,199g,170x75.5x7.2mm(展开),无防水,侧边,True,False,False,2024-08,huawei.com,,2026-08-07T00:55:58.530444+00:00
xiaomi_pad7spro,Xiaomi,Pad 7S Pro,Pad 7S Pro,12.4英寸,IPS LCD,3048x2032,144Hz,Snapdragon 8 Elite,8核,Adreno 830,12GB,512GB,False,50MP,2摄,50MP主摄+2MP景深,32MP,4K@60fps,10000mAh,120W,无,True,HyperOS 2 (Android 15),False,Wi-Fi版,590g,278.7x191.6x6.3mm,无防水,侧边,False,False,False,2025-06,mi.com,,2026-08-07T00:55:58.530444+00:00
apple_iphone16e,Apple,iPhone 16e,iPhone 16e,6.1英寸,OLED,2532x1170,60Hz,A18 Bionic,6核,Apple GPU 4核,8GB,128GB,False,48MP,1摄,48MP主摄(OIS),12MP,4K@60fps,3279mAh,20W,7.5W,True,iOS 18,True,eSIM,166g,146.7x71.5x7.8mm,IP68,无,True,False,False,2025-02,apple.com,,2026-08-07T00:55:58.530444+00:00
motorola_thinkphone25,Motorola,ThinkPhone 25,ThinkPhone 25,6.36英寸,pOLED,2670x1220,120Hz,Dimensity 7300,8核,Mali-G615,8GB,256GB,False,50MP,3摄,50MP主摄(OIS)+13MP超广角+10MP长焦(3x),32MP,4K@30fps,4310mAh,68W,15W,True,Android 14,True,Nano-SIM,171g,154.1x71.2x8.1mm,IP68,屏下光学,True,False,False,2024-08,motorola.com,,2026-08-07T00:55:58.530444+00:00
vivo_s20pro,vivo,S20 Pro,S20 Pro,6.78英寸,AMOLED,2800x1260,120Hz,Dimensity 9300+,8核,Immortalis-G720,16GB,512GB,False,50MP,3摄,50MP主摄(OIS)+50MP人像(2x)+8MP超广角,50MP,4K@60fps,5500mAh,90W,无,True,Android 15,True,Nano-SIM,193g,164.4x75.1x7.2mm,IP69/IP68,屏下光学,True,True,False,2025-05,vivo.com,,2026-08-07T00:55:58.530444+00:00
apple_ipadmini7_5g,Apple,iPad mini (A17 Pro) Cellular,iPad mini (A17 Pro) Cellular,8.3英寸,Liquid Retina IPS LCD,2266x1488,60Hz,A17 Pro,6核,Apple GPU 5核,8GB,128GB,False,12MP,1摄,12MP主摄,12MP,4K@60fps,5077mAh,20W,无,True,iPadOS 18,True,Nano-SIM+eSIM,297g,195.4x134.8x6.3mm,无防水,侧边Touch ID,True,False,False,2024-10,apple.com,,2026-08-07T00:56:16.378883+00:00
samsung_galaxytabs10plus,Samsung,Galaxy Tab S10 Plus,Galaxy Tab S10 Plus,12.4英寸,Dynamic AMOLED 2X,2800x1752,120Hz,Dimensity 9300+,8核,Immortalis-G720,12GB,256GB,True,13MP,2摄,13MP主摄+8MP超广角,12MP,4K@30fps,10090mAh,45W,无,True,Android 14,True,Nano-SIM,571g,285.4x185.4x5.6mm,IP68,屏下光学,False,False,False,2024-09,samsung.com,,2026-08-07T00:56:16.378883+00:00
lenovo_legiontab3,Lenovo,Legion Tab 3,Legion Tab 3,8.8英寸,IPS LCD,2560x1600,144Hz,Snapdragon 8 Gen 3,8核,Adreno 750,12GB,256GB,True,13MP,2摄,13MP主摄+2MP微距,8MP,4K@30fps,6550mAh,68W,无,True,Android 14,False,Wi-Fi版,350g,208.9x129.5x7.6mm,无防水,无,False,False,False,2024-12,lenovo.com,,2026-08-07T00:56:16.378883+00:00
oneplus_pad2pro,OnePlus,Pad 2 Pro,Pad 2 Pro,12.1英寸,IPS LCD,3000x2120,144Hz,Snapdragon 8 Gen 3,8核,Adreno 750,16GB,512GB,False,13MP,1摄,13MP主摄,8MP,4K@30fps,9510mAh,67W,无,True,Android 14,False,Wi-Fi版,552g,268.7x195.1x6.5mm,无防水,无,False,False,False,2024-06,oneplus.com,,2026-08-07T00:56:16.378883+00:00
asus_rog_phone_9_pro,ASUS,ROG Phone 9 Pro,ASUS ROG Phone 9 Pro,6.78英寸,AMOLED,1080x2400,185Hz,Snapdragon 8 Elite,8,Adreno 830,24GB,1TB,否,50MP,3,50MP主摄+13MP超广角+32MP长焦,32MP,8K@30fps,5800mAh,65W,,是,Android 15,是,双nano-SIM,227g,163.8x76.8x8.9mm,IP68,屏下光学,是,否,是,2025-01,已知规格,https://rog.asus.com,2026-08-07T08:56:09.634267+00:00
asus_zenfone_12_ultra,ASUS,Zenfone 12 Ultra,ASUS Zenfone 12 Ultra,6.78英寸,AMOLED,1080x2400,144Hz,Snapdragon 8 Elite,8,Adreno 830,16GB,512GB,否,50MP,3,50MP主摄+13MP超广角+32MP长焦,32MP,8K@24fps,5500mAh,65W,,是,Android 15,是,双nano-SIM,224g,163.8x76.8x8.9mm,IP68,屏下光学,是,否,是,2025-02,已知规格,https://www.asus.com,2026-08-07T08:56:09.634267+00:00
asus_rog_phone_8,ASUS,ROG Phone 8,ASUS ROG Phone 8,6.78英寸,AMOLED,1080x2400,165Hz,Snapdragon 8 Gen 3,8,Adreno 750,16GB,512GB,否,50MP,3,50MP主摄+13MP超广角+5MP微距,32MP,8K@24fps,5500mAh,65W,,是,Android 14,是,双nano-SIM,225g,163.8x76.8x8.9mm,IP68,屏下光学,是,否,是,2024-01,已知规格,https://rog.asus.com,2026-08-07T08:56:09.634267+00:00
lenovo_legion_y90,Lenovo,Legion Y90,Lenovo Legion Y90,6.92英寸,AMOLED,1080x2460,144Hz,Snapdragon 8 Gen 1,8,Adreno 730,18GB,640GB,否,64MP,2,64MP主摄+13MP超广角,16MP,4K@30fps,5600mAh,68W,,是,Android 12,是,双nano-SIM,252g,176x78.8x10.3mm,无,侧边,是,否,否,2022-02,已知规格,https://www.lenovo.com,2026-08-07T08:56:09.634267+00:00
lenovo_legion_phone_duel_3,Lenovo,Legion Phone Duel 3,Lenovo Legion Phone Duel 3,6.92英寸,AMOLED,1080x2460,144Hz,Snapdragon 8 Gen 2,8,Adreno 740,16GB,512GB,否,50MP,2,50MP主摄+13MP超广角,32MP,4K@30fps,6000mAh,68W,,是,Android 13,是,双nano-SIM,250g,176x78.8x10mm,无,屏下光学,是,否,否,2023-07,已知规格,https://www.lenovo.com,2026-08-07T08:56:09.634267+00:00
sony_xperia_1_vi,Sony,Xperia 1 VI,Sony Xperia 1 VI,6.5英寸,OLED,1080x2340,120Hz,Snapdragon 8 Gen 3,8,Adreno 750,12GB,512GB,microSD,48MP,3,48MP主摄+12MP超广角+12MP长焦,12MP,4K@120fps,5000mAh,30W,是,是,Android 14,是,双nano-SIM,192g,162x74x8.2mm,IP68,侧边,是,否,是,2024-05,已知规格,https://www.sony.com,2026-08-07T08:56:09.634267+00:00
sony_xperia_5_vi,Sony,Xperia 5 VI,Sony Xperia 5 VI,6.1英寸,OLED,1080x2520,120Hz,Snapdragon 8 Gen 3,8,Adreno 750,8GB,256GB,microSD,48MP,3,48MP主摄+12MP超广角+12MP长焦,12MP,4K@120fps,5000mAh,30W,,是,Android 14,是,双nano-SIM,182g,154x68x8.2mm,IP68,侧边,是,否,是,2024-09,已知规格,https://www.sony.com,2026-08-07T08:56:09.634267+00:00
poco_f6_pro,POCO,F6 Pro,POCO F6 Pro,6.67英寸,AMOLED,1440x3200,120Hz,Snapdragon 8 Gen 2,8,Adreno 740,12GB,512GB,否,50MP,3,50MP主摄+8MP超广角+2MP微距,16MP,8K@24fps,5000mAh,120W,,是,Android 14,是,双nano-SIM,209g,160.9x75x8.2mm,IP54,屏下光学,是,是,否,2024-05,已知规格,https://www.poco.net,2026-08-07T08:56:09.634267+00:00
poco_x6_pro,POCO,X6 Pro,POCO X6 Pro,6.67英寸,AMOLED,1220x2712,120Hz,Dimensity 8300 Ultra,8,Mali-G615 MC6,12GB,512GB,否,64MP,3,64MP主摄+8MP超广角+2MP微距,16MP,4K@30fps,5000mAh,67W,,是,Android 14,是,双nano-SIM,190g,160.5x74.3x8.3mm,IP54,屏下光学,是,是,否,2024-01,已知规格,https://www.poco.net,2026-08-07T08:56:09.634267+00:00
poco_m6_pro,POCO,M6 Pro,POCO M6 Pro,6.79英寸,IPS LCD,1080x2460,90Hz,Snapdragon 4 Gen 2,8,Adreno 613,8GB,256GB,microSD,50MP,2,50MP主摄+2MP景深,8MP,1080p@30fps,5000mAh,18W,,否,Android 14,是,双nano-SIM,195g,168.6x76.3x8.2mm,IP53,侧边,是,是,是,2024-06,已知规格,https://www.poco.net,2026-08-07T08:56:09.634267+00:00
iqoo_12_pro,iQOO,12 Pro,iQOO 12 Pro,6.78英寸,AMOLED,1440x3200,144Hz,Snapdragon 8 Gen 3,8,Adreno 750,16GB,1TB,否,50MP,3,50MP主摄+50MP超广角+64MP长焦,16MP,8K@30fps,5100mAh,120W,50W,是,Android 14,是,双nano-SIM,205g,163.2x75.9x8.1mm,IP68,屏下超声波,是,是,否,2023-11,已知规格,https://www.iqoo.com,2026-08-07T08:56:09.634267+00:00
iqoo_neo_10,iQOO,Neo 10,iQOO Neo 10,6.78英寸,AMOLED,1260x2800,144Hz,Snapdragon 8 Gen 3,8,Adreno 750,12GB,512GB,否,50MP,3,50MP主摄+8MP超广角+2MP微距,16MP,4K@30fps,5160mAh,120W,,是,Android 15,是,双nano-SIM,206g,163.2x75.9x8.1mm,IP65,屏下光学,是,是,否,2024-11,已知规格,https://www.iqoo.com,2026-08-07T08:56:09.634267+00:00
nubia_red_magic_10_pro,Nubia,Red Magic 10 Pro,Nubia Red Magic 10 Pro,6.85英寸,AMOLED,1216x2688,144Hz,Snapdragon 8 Elite,8,Adreno 830,24GB,1TB,否,50MP,3,50MP主摄+50MP超广角+2MP微距,16MP,8K@30fps,7050mAh,100W,,是,Android 15,是,双nano-SIM,235g,164x76.4x8.9mm,无,屏下光学,是,否,是,2024-11,已知规格,https://www.redmagic.com,2026-08-07T08:56:09.634267+00:00
nubia_z70_ultra,Nubia,Z70 Ultra,Nubia Z70 Ultra,6.85英寸,AMOLED,1216x2688,144Hz,Snapdragon 8 Elite,8,Adreno 830,16GB,1TB,否,50MP,3,50MP主摄+50MP超广角+64MP长焦,16MP,8K@30fps,6000mAh,80W,,是,Android 15,是,双nano-SIM,220g,164x76.4x8.6mm,IP68,屏下光学,是,否,否,2024-11,已知规格,https://www.nubia.com,2026-08-07T08:56:09.634267+00:00
meizu_21_pro,Meizu,21 Pro,Meizu 21 Pro,6.79英寸,AMOLED,1368x3192,120Hz,Snapdragon 8 Gen 3,8,Adreno 750,16GB,512GB,否,50MP,3,50MP主摄+13MP超广角+10MP长焦,32MP,8K@24fps,5050mAh,80W,50W,是,Android 14,是,双nano-SIM,208g,164.3x74.4x8mm,IP68,屏下超声波,是,是,否,2024-02,已知规格,https://www.meizu.com,2026-08-07T08:56:09.634267+00:00
meizu_21_note,Meizu,21 Note,Meizu 21 Note,6.78英寸,AMOLED,1260x2800,144Hz,Snapdragon 8 Gen 2,8,Adreno 740,12GB,256GB,否,50MP,3,50MP主摄+8MP超广角+2MP景深,16MP,4K@30fps,5500mAh,66W,,是,Android 14,是,双nano-SIM,201g,162.4x75.1x8.1mm,IP65,屏下光学,是,是,否,2024-09,已知规格,https://www.meizu.com,2026-08-07T08:56:09.634267+00:00
nokia_xr30,Nokia,XR30,Nokia XR30,6.67英寸,IPS LCD,1080x2400,120Hz,Snapdragon 7s Gen 2,8,Adreno 710,8GB,256GB,microSD,108MP,2,108MP主摄+8MP超广角,32MP,4K@30fps,5800mAh,33W,,是,Android 14,是,双nano-SIM,220g,165.1x77.1x10.1mm,IP68,侧边,是,否,是,2024-05,已知规格,https://www.nokia.com,2026-08-07T08:56:09.634267+00:00
infinix_gt_20_pro,Infinix,GT 20 Pro,Infinix GT 20 Pro,6.78英寸,AMOLED,1080x2436,144Hz,Dimensity 8200 Ultimate,8,Mali-G610 MC6,12GB,256GB,否,108MP,3,108MP主摄+2MP微距+2MP景深,32MP,4K@30fps,5000mAh,45W,,是,Android 14,是,双nano-SIM,199g,164.3x75x8.2mm,IP54,屏下光学,是,否,否,2024-05,已知规格,https://www.infinixmobility.com,2026-08-07T08:56:09.634267+00:00
infinix_zero_40,Infinix,Zero 40,Infinix Zero 40,6.78英寸,AMOLED,1080x2436,144Hz,Dimensity 8200 Ultimate,8,Mali-G610 MC6,12GB,512GB,否,108MP,3,108MP主摄+50MP超广角+2MP景深,50MP,4K@60fps,5000mAh,45W,15W,是,Android 14,是,双nano-SIM,195g,164.2x74.4x7.9mm,IP54,屏下光学,是,否,否,2024-09,已知规格,https://www.infinixmobility.com,2026-08-07T08:56:09.634267+00:00
tecno_phantom_v_fold2,Tecno,Phantom V Fold2,Tecno Phantom V Fold2,7.85英寸,AMOLED,2000x2296,120Hz,Dimensity 9000+,8,Mali-G710 MC10,12GB,512GB,否,50MP,3,50MP主摄+50MP长焦+13MP超广角,32MP,4K@30fps,5750mAh,45W,15W,是,Android 14,是,双nano-SIM,249g,159.4x140.4x6.1mm,IP54,侧边,是,否,否,2024-09,已知规格,https://www.tecno-mobile.com,2026-08-07T08:56:09.634267+00:00
tcl_50_xe_5g,TCL,50 XE 5G,TCL 50 XE 5G,6.6英寸,IPS LCD,720x1612,90Hz,Dimensity 6100+,8,Mali-G57 MC2,4GB,128GB,microSD,50MP,3,50MP主摄+2MP景深+2MP微距,8MP,1080p@30fps,5000mAh,15W,,否,Android 14,是,双nano-SIM,195g,164.5x75.3x8.5mm,无,侧边,是,否,是,2024-03,已知规格,https://www.tcl.com,2026-08-07T08:56:09.634267+00:00
honor_magic_v3,Honor,Magic V3,Honor Magic V3,7.92英寸,AMOLED,2156x2344,120Hz,Snapdragon 8 Gen 3,8,Adreno 750,16GB,1TB,否,50MP,3,50MP主摄+50MP长焦+40MP超广角,20MP,4K@60fps,5150mAh,66W,50W,是,Android 14,是,双nano-SIM,226g,156.6x145.3x4.35mm,IPX8,侧边,是,是,否,2024-07,已知规格,https://www.honor.com,2026-08-07T08:56:09.634267+00:00
oneplus_ace_5_pro,OnePlus,Ace 5 Pro,OnePlus Ace 5 Pro,6.78英寸,AMOLED,1260x2780,120Hz,Snapdragon 8 Elite,8,Adreno 830,16GB,512GB,否,50MP,3,50MP主摄+50MP长焦+8MP超广角,16MP,4K@60fps,6100mAh,100W,,是,Android 15,是,双nano-SIM,225g,163.8x75.9x8.1mm,IP65,屏下超声波,是,是,否,2024-12,已知规格,https://www.oneplus.com,2026-08-07T08:56:09.634267+00:00
realme_gt_7_pro,Realme,GT 7 Pro,Realme GT 7 Pro,6.78英寸,AMOLED,1260x2780,120Hz,Snapdragon 8 Elite,8,Adreno 830,16GB,1TB,否,50MP,3,50MP主摄+8MP超广角+2MP微距,16MP,4K@60fps,6500mAh,120W,,是,Android 15,是,双nano-SIM,208g,163.4x76.1x8.8mm,IP68,屏下超声波,是,是,否,2024-11,已知规格,https://www.realme.com,2026-08-07T08:56:09.634267+00:00
nothing_phone_2a_plus,Nothing,Phone 2a Plus,Nothing Phone 2a Plus,6.7英寸,AMOLED,1080x2412,120Hz,Dimensity 7350 Pro,8,Mali-G610 MC4,12GB,256GB,否,50MP,2,50MP主摄+50MP超广角,50MP,4K@30fps,5000mAh,50W,,是,Android 14,是,双nano-SIM,190g,161.7x76.3x8.5mm,IP54,屏下光学,是,否,否,2024-08,已知规格,https://www.nothing.tech,2026-08-07T08:56:09.634267+00:00
poco_f6,POCO,F6,POCO F6,6.67英寸,AMOLED,1220x2712,120Hz,Snapdragon 8s Gen 3,8,Adreno 735,12GB,512GB,否,50MP,2,50MP主摄+8MP超广角,20MP,4K@60fps,5000mAh,90W,,是,Android 14,是,双nano-SIM,179g,160.5x74.5x8mm,IP64,屏下光学,是,是,否,2024-05,已知规格,https://www.poco.net,2026-08-07T08:57:07.696494+00:00
poco_c75,POCO,C75,POCO C75,6.88英寸,IPS LCD,720x1640,120Hz,Helio G81 Ultra,8,Mali-G52 MC2,8GB,256GB,microSD,50MP,2,50MP主摄+辅助镜头,13MP,1080p@30fps,5160mAh,18W,,否,Android 14,否,双nano-SIM,204g,171.9x77.8x8.2mm,无,侧边,是,否,是,2024-10,已知规格,https://www.poco.net,2026-08-07T08:57:07.696494+00:00
iqoo_neo_10r,iQOO,Neo 10R,iQOO Neo 10R,6.78英寸,AMOLED,1260x2800,144Hz,Snapdragon 8s Gen 3,8,Adreno 735,12GB,256GB,否,50MP,2,50MP主摄+8MP超广角,16MP,4K@60fps,6400mAh,80W,,是,Android 14,是,双nano-SIM,196g,163.7x75x7.9mm,IP64,屏下光学,是,是,否,2025-01,已知规格,https://www.iqoo.com,2026-08-07T08:57:07.696494+00:00
nubia_red_magic_9s_pro,Nubia,Red Magic 9S Pro,Nubia Red Magic 9S Pro,6.8英寸,AMOLED,1116x2480,120Hz,Snapdragon 8 Gen 3 Leading,8,Adreno 750,16GB,512GB,否,50MP,3,50MP主摄+50MP超广角+2MP微距,16MP,8K@30fps,6500mAh,80W,,是,Android 14,是,双nano-SIM,229g,164x76.4x8.9mm,无,屏下光学,是,否,是,2024-07,已知规格,https://www.redmagic.com,2026-08-07T08:57:07.696494+00:00
motorola_edge_60_ultra,Motorola,Edge 60 Ultra,Motorola Edge 60 Ultra,6.7英寸,pOLED,1220x2712,165Hz,Snapdragon 8s Gen 3,8,Adreno 735,12GB,512GB,否,50MP,3,50MP主摄+50MP超广角+10MP长焦,50MP,4K@60fps,4500mAh,125W,50W,是,Android 14,是,双nano-SIM,198g,161.1x72x8.6mm,IP68,屏下光学,是,否,否,2025-01,已知规格,https://www.motorola.com,2026-08-07T08:57:07.696494+00:00
motorola_razr_60_ultra,Motorola,Razr 60 Ultra,Motorola Razr 60 Ultra,6.9英寸,pOLED,1080x2640,165Hz,Snapdragon 8s Gen 3,8,Adreno 735,12GB,512GB,否,50MP,2,50MP主摄+50MP长焦,32MP,4K@60fps,4000mAh,45W,15W,是,Android 14,是,eSIM+nano-SIM,189g,171.4x74x7.2mm,IPX8,侧边,是,否,否,2024-06,已知规格,https://www.motorola.com,2026-08-07T08:57:07.696494+00:00
zte_axon_60_ultra,ZTE,Axon 60 Ultra,ZTE Axon 60 Ultra,6.8英寸,AMOLED,1116x2480,120Hz,Snapdragon 8 Gen 2,8,Adreno 740,16GB,1TB,microSD,50MP,3,50MP主摄+50MP超广角+64MP长焦,16MP,8K@30fps,5000mAh,80W,,是,Android 14,是,双nano-SIM,207g,164x76.3x8.7mm,IP68,屏下光学,是,是,否,2024-05,已知规格,https://www.zte.com.cn,2026-08-07T08:57:07.696494+00:00
samsung_galaxy_z_fold7,Samsung,Galaxy Z Fold7,Samsung Galaxy Z Fold7,7.8英寸,AMOLED,1812x2176,120Hz,Snapdragon 8 Elite,8,Adreno 830,12GB,512GB,否,50MP,3,50MP主摄+12MP超广角+10MP长焦,4MP,8K@30fps,4600mAh,25W,15W,是,Android 15,是,双nano-SIM,257g,157.9x137.2x5.6mm,IPX8,侧边,是,否,否,2025-07,已知规格,https://www.samsung.com,2026-08-07T08:57:07.696494+00:00
samsung_galaxy_z_flip7,Samsung,Galaxy Z Flip7,Samsung Galaxy Z Flip7,6.8英寸,AMOLED,1080x2640,120Hz,Snapdragon 8 Elite,8,Adreno 830,12GB,512GB,否,50MP,2,50MP主摄+12MP超广角,10MP,4K@60fps,4000mAh,25W,15W,是,Android 15,是,eSIM+nano-SIM,187g,165.2x71.9x6.9mm,IPX8,侧边,是,否,否,2025-07,已知规格,https://www.samsung.com,2026-08-07T08:57:07.696494+00:00
huawei_pura_80_ultra,Huawei,Pura 80 Ultra,Huawei Pura 80 Ultra,6.8英寸,OLED,1260x2844,120Hz,Kirin 9020,8,Maleoon 920,16GB,1TB,NM卡,50MP,3,50MP主摄+50MP长焦+40MP超广角,13MP,4K@60fps,5200mAh,100W,80W,是,HarmonyOS 5,是,双nano-SIM,226g,160.6x75.1x8.3mm,IP68,屏下超声波,是,是,否,2025-04,已知规格,https://www.huawei.com,2026-08-07T08:57:07.696494+00:00
xiaomi_16_pro,Xiaomi,16 Pro,Xiaomi 16 Pro,6.73英寸,AMOLED,1440x3200,120Hz,Snapdragon 8 Elite Gen 2,8,Adreno 840,16GB,1TB,否,50MP,3,50MP主摄+50MP超广角+50MP长焦,32MP,8K@30fps,6100mAh,120W,80W,是,Android 15,是,双nano-SIM,219g,161x75.3x8.4mm,IP68,屏下超声波,是,是,否,2025-10,已知规格,https://www.xiaomi.com,2026-08-07T08:57:07.696494+00:00
tecno_phantom_x3_pro,Tecno,Phantom X3 Pro,Tecno Phantom X3 Pro,6.8英寸,AMOLED,1080x2436,120Hz,Dimensity 9200+,8,Immortalis-G715 MC11,12GB,512GB,否,108MP,2,108MP主摄+13MP超广角,50MP,4K@30fps,5000mAh,45W,,是,Android 14,是,双nano-SIM,201g,164x74.8x8.5mm,IP54,屏下光学,是,否,否,2024-12,已知规格,https://www.tecno-mobile.com,2026-08-07T08:57:07.696494+00:00
honor_400_pro,Honor,400 Pro,Honor 400 Pro,6.78英寸,AMOLED,1264x2800,120Hz,Snapdragon 8 Elite,8,Adreno 830,16GB,512GB,否,50MP,3,50MP主摄+50MP长焦+12MP超广角,50MP,4K@60fps,5800mAh,100W,66W,是,Android 15,是,双nano-SIM,199g,161.5x74.9x8.2mm,IP68,屏下超声波,是,是,否,2025-03,已知规格,https://www.honor.com,2026-08-07T08:57:07.696494+00:00
tcl_60_xe_nxtpaper,TCL,60 XE NxtPaper,TCL 60 XE NxtPaper,6.56英寸,NxtPaper LCD,720x1612,90Hz,Dimensity 6100+,8,Mali-G57 MC2,8GB,256GB,microSD,50MP,3,50MP主摄+5MP超广角+2MP微距,32MP,1080p@30fps,5010mAh,33W,,是,Android 14,是,双nano-SIM,192g,164.5x75.4x8.2mm,无,侧边,是,否,是,2024-09,已知规格,https://www.tcl.com,2026-08-07T08:57:07.696494+00:00
apple_iphone_16,Apple,iPhone 16,Apple iPhone 16,6.1英寸,Super Retina XDR OLED,1179x2556,60Hz,A18,6,Apple GPU 5-core,8GB,512GB,否,48MP,2,48MP主摄+12MP超广角,12MP,4K@60fps,3561mAh,30W,25W,是,iOS 18,是,eSIM+双卡,170g,147.6x71.6x7.8mm,IP68,无,是,否,否,2024-09,已知规格,https://www.apple.com,2026-08-07T08:57:46.150882+00:00
apple_iphone_16_pro_max,Apple,iPhone 16 Pro Max,Apple iPhone 16 Pro Max,6.9英寸,Super Retina XDR OLED,1320x2868,120Hz,A18 Pro,6,Apple GPU 6-core,8GB,1TB,否,48MP,3,48MP主摄+48MP超广角+12MP长焦,12MP,4K@120fps,4685mAh,35W,25W,是,iOS 18,是,eSIM+双卡,227g,163x77.6x8.25mm,IP68,无,是,否,否,2024-09,已知规格,https://www.apple.com,2026-08-07T08:57:46.150882+00:00
apple_iphone_se_4,Apple,iPhone SE 4,Apple iPhone SE 4,6.1英寸,OLED,1170x2532,60Hz,A18,6,Apple GPU 5-core,8GB,256GB,否,48MP,1,48MP主摄,12MP,4K@60fps,3279mAh,20W,15W,是,iOS 18,是,eSIM+双卡,166g,146.7x71.5x7.8mm,IP68,无,是,否,否,2025-02,已知规格,https://www.apple.com,2026-08-07T08:57:46.150882+00:00
google_pixel_10_pro,Google,Pixel 10 Pro,Google Pixel 10 Pro,6.3英寸,LTPO OLED,1280x2856,120Hz,Tensor G5,8,Mali-G715,16GB,512GB,否,50MP,3,50MP主摄+48MP超广角+48MP长焦,42MP,8K@30fps,4700mAh,45W,23W,是,Android 16,是,双nano-SIM,199g,152.8x72x8.5mm,IP68,屏下超声波,是,否,否,2025-08,已知规格,https://store.google.com,2026-08-07T08:57:46.150882+00:00
google_pixel_10_pro_xl,Google,Pixel 10 Pro XL,Google Pixel 10 Pro XL,6.8英寸,LTPO OLED,1344x2992,120Hz,Tensor G5,8,Mali-G715,16GB,1TB,否,50MP,3,50MP主摄+48MP超广角+48MP长焦,42MP,8K@30fps,5060mAh,45W,23W,是,Android 16,是,双nano-SIM,221g,162.6x76.5x8.5mm,IP68,屏下超声波,是,否,否,2025-08,已知规格,https://store.google.com,2026-08-07T08:57:46.150882+00:00
samsung_galaxy_a56,Samsung,Galaxy A56,Samsung Galaxy A56,6.7英寸,Super AMOLED,1080x2340,120Hz,Exynos 1580,8,Xclipse 540,12GB,256GB,microSD,50MP,3,50MP主摄+12MP超广角+5MP微距,32MP,4K@30fps,5000mAh,45W,,是,Android 15,是,双nano-SIM,198g,162.2x77.5x7.4mm,IP67,屏下光学,是,否,否,2025-03,已知规格,https://www.samsung.com,2026-08-07T08:57:46.150882+00:00
samsung_galaxy_m56,Samsung,Galaxy M56,Samsung Galaxy M56,6.7英寸,Super AMOLED,1080x2340,120Hz,Exynos 1480,8,Xclipse 530,8GB,256GB,microSD,50MP,3,50MP主摄+8MP超广角+2MP微距,13MP,4K@30fps,6000mAh,25W,,是,Android 15,是,双nano-SIM,210g,163.9x76.5x8.2mm,IP67,屏下光学,是,否,否,2025-04,已知规格,https://www.samsung.com,2026-08-07T08:57:46.150882+00:00
xiaomi_redmi_note_15_pro_plus,Xiaomi,Redmi Note 15 Pro+,Xiaomi Redmi Note 15 Pro+,6.67英寸,AMOLED,1220x2712,120Hz,Dimensity 8300 Ultra,8,Mali-G615 MC6,12GB,512GB,否,200MP,3,200MP主摄+8MP超广角+2MP微距,32MP,4K@30fps,5500mAh,120W,,是,Android 14,是,双nano-SIM,204g,162.5x74.3x8.4mm,IP54,屏下光学,是,是,是,2024-09,已知规格,https://www.xiaomi.com,2026-08-07T08:57:46.150882+00:00
vivo_v50_pro,vivo,V50 Pro,vivo V50 Pro,6.7英寸,AMOLED,1080x2412,120Hz,Dimensity 8200,8,Mali-G610 MC6,12GB,512GB,否,108MP,3,108MP主摄+8MP超广角+2MP微距,50MP,4K@30fps,5000mAh,80W,,是,Android 14,是,双nano-SIM,185g,164.5x75x7.4mm,IP54,屏下光学,是,否,否,2024-12,已知规格,https://www.vivo.com,2026-08-07T08:57:46.150882+00:00
nothing_cmf_phone_2,Nothing,CMF Phone 2,Nothing CMF Phone 2,6.67英寸,AMOLED,1080x2400,120Hz,Dimensity 7300,8,Mali-G615 MC2,8GB,256GB,microSD,50MP,2,50MP主摄+2MP景深,16MP,4K@30fps,5000mAh,33W,,是,Android 14,是,双nano-SIM,202g,164x77x8.2mm,IP52,侧边,是,否,是,2024-11,已知规格,https://www.nothing.tech,2026-08-07T08:57:46.150882+00:00
oppo_find_n5,OPPO,Find N5,OPPO Find N5,8.12英寸,AMOLED,2248x2480,120Hz,Snapdragon 8 Elite,8,Adreno 830,16GB,1TB,否,50MP,3,50MP主摄+50MP长焦+8MP超广角,20MP,4K@60fps,5600mAh,80W,50W,是,Android 15,是,双nano-SIM,229g,160.9x145.5x4.2mm,IPX8,侧边,是,是,否,2025-02,已知规格,https://www.oppo.com,2026-08-07T08:58:13.980580+00:00
xiaomi_mix_flip2,Xiaomi,MIX Flip2,Xiaomi MIX Flip2,6.86英寸,AMOLED,1224x2912,120Hz,Snapdragon 8 Elite,8,Adreno 830,16GB,1TB,否,50MP,2,50MP主摄+50MP长焦,32MP,8K@24fps,4780mAh,67W,,是,Android 15,是,双nano-SIM,190g,167.5x74x7.5mm,IPX8,侧边,是,是,否,2025-07,已知规格,https://www.xiaomi.com,2026-08-07T08:58:13.980580+00:00
asus_rog_phone_9,ASUS,ROG Phone 9,ASUS ROG Phone 9,6.78英寸,AMOLED,1080x2400,165Hz,Snapdragon 8 Elite,8,Adreno 830,16GB,512GB,否,50MP,3,50MP主摄+13MP超广角+32MP长焦,32MP,8K@30fps,5800mAh,65W,,是,Android 15,是,双nano-SIM,227g,163.8x76.8x8.9mm,IP68,屏下光学,是,否,是,2025-01,已知规格,https://rog.asus.com,2026-08-07T08:58:13.980580+00:00
oneplus_open2,OnePlus,Open 2,OnePlus Open 2,8.0英寸,AMOLED,2268x2440,120Hz,Snapdragon 8 Elite,8,Adreno 830,16GB,1TB,否,50MP,3,50MP主摄+50MP长焦+8MP超广角,32MP,4K@60fps,5900mAh,80W,50W,是,Android 15,是,双nano-SIM,239g,161.6x144.4x4.7mm,IPX8,侧边,是,是,否,2025-02,已知规格,https://www.oneplus.com,2026-08-07T08:58:13.980580+00:00
samsung_galaxy_s25_fe,Samsung,Galaxy S25 FE,Samsung Galaxy S25 FE,6.4英寸,Dynamic AMOLED 2X,1080x2340,120Hz,Exynos 2400e,8,Xclipse 940,12GB,256GB,否,50MP,3,50MP主摄+12MP超广角+8MP长焦,10MP,8K@30fps,4700mAh,25W,15W,是,Android 15,是,双nano-SIM,197g,158.3x73.7x8.2mm,IP68,屏下光学,是,否,否,2025-07,已知规格,https://www.samsung.com,2026-08-07T08:58:13.980580+00:00
xiaomi_civi_6_pro,Xiaomi,Civi 6 Pro,Xiaomi Civi 6 Pro,6.55英寸,AMOLED,1236x2750,120Hz,Snapdragon 8s Gen 4,8,Adreno 740,16GB,512GB,否,50MP,3,50MP主摄+50MP长焦+12MP超广角,32MP,4K@60fps,4700mAh,67W,,是,Android 15,是,双nano-SIM,179g,158x72x7.5mm,IP68,屏下光学,是,是,否,2025-03,已知规格,https://www.xiaomi.com,2026-08-07T08:58:13.980580+00:00
honor_magic_v_flip2,Honor,Magic V Flip2,Honor Magic V Flip2,6.8英寸,AMOLED,1080x2520,120Hz,Snapdragon 8s Gen 3,8,Adreno 735,12GB,512GB,否,50MP,2,50MP主摄+12MP超广角,50MP,4K@30fps,4800mAh,66W,,是,Android 14,是,双nano-SIM,193g,167.3x75.6x7.2mm,IPX8,侧边,是,是,否,2024-06,已知规格,https://www.honor.com,2026-08-07T08:58:13.980580+00:00
realme_14_pro_plus,Realme,14 Pro+,Realme 14 Pro+,6.7英寸,AMOLED,1080x2412,120Hz,Snapdragon 7s Gen 3,8,Adreno 710,12GB,512GB,否,50MP,3,50MP主摄+50MP长焦+8MP超广角,32MP,4K@30fps,5200mAh,80W,,是,Android 15,是,双nano-SIM,185g,161.5x73.9x7.6mm,IP65,屏下光学,是,是,否,2025-02,已知规格,https://www.realme.com,2026-08-07T09:00:20.346965+00:00
honor_x60_pro,Honor,X60 Pro,Honor X60 Pro,6.78英寸,AMOLED,1224x2700,120Hz,Snapdragon 6 Gen 3,8,Adreno 710,12GB,512GB,否,108MP,2,108MP主摄+2MP景深,8MP,1080p@30fps,6600mAh,66W,,是,Android 14,是,双nano-SIM,196g,166.2x75.5x7.9mm,IP64,屏下光学,是,是,否,2024-10,已知规格,https://www.honor.com,2026-08-07T09:00:20.346965+00:00
motorola_moto_g85,Motorola,Moto G85,Motorola Moto G85,6.67英寸,pOLED,1080x2400,120Hz,Snapdragon 6s Gen 3,8,Adreno 619,12GB,256GB,microSD,50MP,2,50MP主摄+8MP超广角,32MP,1080p@60fps,5000mAh,30W,,是,Android 14,是,双nano-SIM,173g,161.9x73.1x7.6mm,IP52,屏下光学,是,否,否,2024-06,已知规格,https://www.motorola.com,2026-08-07T09:00:20.346965+00:00
samsung_galaxy_f56,Samsung,Galaxy F56,Samsung Galaxy F56,6.7英寸,Super AMOLED,1080x2340,120Hz,Exynos 1480,8,Xclipse 530,8GB,256GB,microSD,50MP,3,50MP主摄+8MP超广角+2MP微距,13MP,4K@30fps,6000mAh,25W,,是,Android 15,是,双nano-SIM,210g,163.9x76.5x8.2mm,IP67,屏下光学,是,否,否,2025-06,已知规格,https://www.samsung.com,2026-08-07T09:00:20.346965+00:00
zte_axon_50_lite,ZTE,Axon 50 Lite,ZTE Axon 50 Lite,6.6英寸,IPS LCD,1080x2408,90Hz,Unisoc T760,8,Mali-G57,6GB,256GB,microSD,50MP,3,50MP主摄+2MP微距+2MP景深,8MP,1080p@30fps,5000mAh,22.5W,,是,Android 13,是,双nano-SIM,194g,164.8x76.4x8.8mm,无,侧边,是,否,是,2023-10,已知规格,https://www.zte.com.cn,2026-08-07T09:00:20.346965+00:00
blackview_bv9300_pro,Blackview,BV9300 Pro,Blackview BV9300 Pro,6.7英寸,IPS LCD,1080x2408,120Hz,Helio G99,8,Mali-G57 MC2,12GB,256GB,microSD,64MP,2,64MP主摄+8MP超广角,32MP,1440p@30fps,15080mAh,33W,,是,Android 13,否,双nano-SIM,384g,175.5x82x17.2mm,IP69K,侧边,是,否,是,2023-11,已知规格,https://www.blackview.hk,2026-08-07T09:00:20.346965+00:00
ulefone_power_armor_20,Ulefone,Power Armor 20,Ulefone Power Armor 20,6.58英寸,IPS LCD,1080x2408,120Hz,Dimensity 700,8,Mali-G57 MC2,8GB,256GB,microSD,50MP,2,50MP主摄+2MP微距,16MP,1080p@30fps,10800mAh,18W,,否,Android 13,是,双nano-SIM,386g,176.9x82.5x18mm,IP69K,侧边,是,否,是,2023-12,已知规格,https://www.ulefone.com,2026-08-07T09:00:20.346965+00:00
